time,ax,ay,az,gx,gy,gz,activity_type
1761481512696706600,-0.810418703392893,1.976186091443896,1.937965081860125,-0.1896530389785766,-0.3803386986255646,0.0079147322103381,jumping
1761481512716648700,-0.5158036697041243,2.001924343812465,1.3893255296766758,-0.3721367716789245,-0.0952056795358657,-0.1262757182121276,jumping
1761481512736591600,0.8350549858689308,1.1256108803600071,0.1542217166796326,-0.261454164981842,0.2116610258817672,0.0037489347159862,jumping
1761481512756533500,1.5963286962121723,-0.0062339259535074,-0.7572679818332195,-0.0270316265523433,0.3218240737915039,0.2347601056098938,jumping
1761481512776476700,0.6863891497507691,-0.8772136271625757,-0.791083157673478,0.1295025050640106,0.1306105256080627,0.2728210091590881,jumping
1761481512796418600,0.0144687068680301,-1.893010964629054,-0.4964993228405713,0.011348252184689,-0.4278494119644165,0.0011949221370741,jumping
1761481512816361700,-0.0961377765014767,-2.2932968153834343,-1.2160206346035003,-0.162721112370491,-0.6360655426979065,-0.3132847249507904,jumping
1761481512836303400,0.5341749369686469,-1.9526660996466876,-1.8758610923856496,-0.3442785441875458,-0.2921033799648285,-0.3865255415439605,jumping
1761481512856246500,1.0159848228625952,-1.6340408794909715,-1.720404573214054,-0.6045200228691101,0.1828097254037857,-0.2958410978317261,jumping
1761481512876188400,1.3925772249490025,-1.6715145778387783,-1.5207587837040424,-0.8522158265113831,0.4315125048160553,-0.0631466880440712,jumping
1761481512896131600,1.4351738192684949,-1.9639345126360652,-2.004535987615585,-0.8521552085876465,0.2713035047054291,0.1500805169343948,jumping
1761481512916073500,0.9151609343715011,-2.0953595833569763,-2.8579367775142197,-0.5026455521583557,0.0583745576441288,0.2781255841255188,jumping
1761481512936015600,0.1685437816185876,-1.9141852700829505,-3.050811465454101,-0.0140571072697639,0.1026094630360603,0.3286831974983215,jumping
1761481512955958500,-0.6277262406408787,-1.5675269646197556,-2.471426354134082,0.3294011652469635,0.4095430076122284,0.2307060211896896,jumping
1761481512975900700,-0.7570222634438425,-1.1208248151272535,-1.272465575402975,0.4114180207252502,0.4440646767616272,0.0932246148586273,jumping
1761481512995843600,-0.0626539880400523,-0.650911301395297,-0.3380167338460683,0.3446241617202759,0.2554460763931274,0.0337042212486267,jumping
1761481513015785500,0.4826771702477708,-0.1045288804888725,-0.0802875886797905,0.2937502562999725,0.2026196867227554,0.1191909462213516,jumping
1761481513035728400,0.5193162078697234,0.3939630774736404,0.1083440548628568,0.2718602120876312,0.1677878648042678,0.2389140874147415,jumping
1761481513055670500,0.3617572730587795,0.4947860891819,0.1910989104390144,0.2534919083118438,0.1547296643257141,0.3194231390953064,jumping
1761481513075613400,0.0455692717210389,0.4781324760228395,0.2403933949619531,0.235810250043869,0.0937398523092269,0.3062184453010559,jumping
1761481513095555600,-0.0629075974749401,0.5316325955420732,0.2768167074739933,0.2339651137590408,0.020182080566883,0.2448957711458206,jumping
1761481513115498500,-0.1070517865626141,0.6613789193958044,0.4562316098600625,0.1695915460586547,0.0196781363338232,0.182043507695198,jumping
1761481513135440600,-0.1858304867831058,0.4527063583433627,0.564872894103825,0.019512927159667,0.1236563101410865,0.1012296378612518,jumping
1761481513155383600,-0.7638952179532498,0.2725403453290462,0.2846794036731124,-0.1020502150058746,0.4641427099704742,-0.0191593244671821,jumping
1761481513175325700,-0.8210317942786961,0.6651397332340478,0.0333306071937084,-0.1008319854736328,0.7526288032531738,-0.0786907449364662,jumping
1761481513195268600,-0.1222371538000181,0.7605337056308984,0.2940709168747067,-0.044972188770771,0.561144232749939,-0.0568410754203796,jumping
1761481513215211000,0.5410392332475632,0.422006099653244,0.2885372481450438,0.0555675998330116,0.2870527803897857,0.0102884722873568,jumping
1761481513235154000,0.5111460531566292,0.5924988599151373,-0.0360310983240604,0.1391977816820144,0.5501773357391357,0.2889389097690582,jumping
1761481513255095800,0.2321470697401091,0.9362415701925754,-0.4255556088283658,0.3177722096443176,0.7904970049858093,0.6378618478775024,jumping
1761481513275038700,-0.1186753696652129,0.2386135258078575,-0.3865039936393499,0.6043513417243958,0.3592275381088257,0.6151873469352722,jumping
1761481513294980900,-0.417205056047067,-0.3421393667340278,-0.4864931848719716,0.9139533638954164,-0.2825927138328552,0.3054426908493042,jumping
1761481513314923800,-0.2684547747821547,-0.0093202015310525,-0.6266594881922006,1.0421477556228638,-0.5450711250305176,0.1205022186040878,jumping
1761481513334866000,0.110760431822203,0.3693395083487034,-0.1062280856221914,0.814369797706604,-0.3261801600456238,0.0865011066198349,jumping
1761481513354808800,0.0074169434593059,0.2739385216891765,0.5422767391532659,0.3908654153347015,0.0123286629095673,0.0911197364330291,jumping
1761481513374751000,-0.4135234814574942,0.0589671527534723,0.4448331407502293,0.111080527305603,0.1955337524414062,-0.0030963572207838,jumping
1761481513394692900,-0.4286691742716357,0.135113988366723,-0.1894952746346593,0.1278243511915207,0.1928879022598266,-0.0681701600551605,jumping
1761481513414635800,-0.0055123336806893,0.3981336411565542,-0.3425327499657869,0.3138643503189087,-0.0037231864407658,-0.0373592153191566,jumping
1761481513434577700,0.2235590732074342,0.4872562781989574,-0.085355685724318,0.4240364134311676,-0.1136159524321556,0.0459450669586658,jumping
1761481513454520600,-0.0272939299785066,0.5716536402851343,0.0814192230582237,0.4130745530128479,-0.0511888340115547,0.0681251063942909,jumping
1761481513474462700,0.0091765004777349,0.6146119075238704,0.5111117855608462,0.2744554281234741,-0.0219574458897113,0.0452466905117034,jumping
1761481513494405600,0.0564142351339571,0.490462965285778,0.8516019237831235,0.0630547180771827,0.0807108655571937,0.0159671865403652,jumping
1761481513514347800,0.0166672306924592,0.2912549826711416,0.5539321056336164,0.0119094680994749,0.1471670717000961,-0.0709725096821785,jumping
1761481513534290700,0.1245106882225722,0.2769990783035755,0.1731795151278376,0.0790871754288673,0.0955805331468582,-0.1171044185757637,jumping
1761481513554232800,0.283630570473615,0.4585270273208618,0.1683525333628058,0.1426376104354858,-0.0704386308789253,-0.0715066790580749,jumping
1761481513574175700,0.6716787065487354,0.3620435061216354,0.1707820985972881,0.1629615724086761,-0.184903547167778,0.0230541173368692,jumping
1761481513594118000,0.5908751311708241,0.1972381438463926,0.0425786202713847,0.1341699957847595,-0.1097174808382988,0.0848175659775734,jumping
1761481513614060800,0.4368114545971155,0.1784346591770648,0.2904021652340889,0.0073481397703289,-0.0736005678772926,0.0738227814435958,jumping
1761481513634002700,0.1877158256056718,-0.0152764795869588,0.2736711029246449,-0.1236186623573303,-0.1168806254863739,-0.022716712206602,jumping
1761481513653945600,0.1200810626115184,-0.1366904439032077,0.2768009253829717,-0.2328613549470901,-0.1909031122922897,-0.0868029668927192,jumping
1761481513673887700,0.3843641320664435,-0.4500315861761569,0.306780468583107,-0.314675360918045,-0.3323882222175598,-0.0889256224036216,jumping
1761481513693830700,0.1778309211302548,-0.3785018889695405,-0.305139131116867,-0.307719737291336,-0.2872687876224518,-0.0985567793250083,jumping
1761481513713772800,0.1233432701447047,-0.2690577639102935,-0.4636243504598736,-0.3121789097785949,-0.1684781610965728,-0.0863768011331558,jumping
1761481513733715700,0.3466466880906373,-0.2511982820928096,-0.3891366802304983,-0.3221859335899353,-0.1584591567516327,-0.048890646547079,jumping
1761481513753657900,0.5960067949708551,-0.1740846472740173,-0.2315598079040646,-0.3276346921920776,-0.2516363561153412,0.0312485098838806,jumping
1761481513773600800,0.3920992563631385,-0.0917418796300888,-0.605420008547604,-0.2326667755842209,-0.1933174580335617,0.0868109539151191,jumping
1761481513793543000,-0.040926441750722,-0.0974164181351661,-1.0612661262214182,-0.0429056212306022,0.0004099318757653,0.0500529445707798,jumping
1761481513813485800,-0.2800834359186701,-0.0989472809642553,-0.7615823379009962,0.0796133279800415,0.0863437876105308,-0.0345871895551681,jumping
1761481513833428000,-0.0166781904778908,0.0216296480059623,-0.2332467380777001,0.1135728061199188,0.0439558327198028,-0.039885152131319,jumping
1761481513853371000,0.1378742011945229,0.2544523154526948,0.1670908428639173,0.0748842656612396,-0.0402184352278709,-0.0048829591833055,jumping
1761481513873312800,0.1856530113243497,0.4328986650675535,0.3419800845190882,-0.0221813004463911,-0.043233398348093,0.0363473035395145,jumping
1761481513893254700,0.1096763355130795,0.4868126260846853,0.1874070701837539,-0.070971168577671,0.0042144176550209,0.036563754081726,jumping
1761481513913197800,-0.0445688351073767,0.4232587300628423,0.2728489728868007,-0.1441517323255539,0.0571017637848854,0.0182672850787639,jumping
1761481513933139700,0.0147122652663616,0.3260451410233974,0.4157593142181635,-0.1935078799724578,-0.0577254481613636,-0.0050275125540792,jumping
1761481513953083000,0.0262395301213255,0.4474579362958669,0.112761871305108,-0.1460915356874466,-0.159687265753746,-0.0125647503882646,jumping
1761481513973024800,0.1419275865048635,0.4356687143027782,0.0196340902745723,-0.117517851293087,-0.1707144230604171,0.0182935073971748,jumping
1761481513992968000,0.0532832481984281,0.1738531766057014,-0.2343514844492077,-0.0906766504049301,-0.0684596896171569,0.0040666339918971,jumping
1761481514012909800,-0.0259832903379341,0.0849088187396526,-0.3178168263822793,-0.0841299369931221,-0.0198408626019954,-0.0298716016113758,jumping
1761481514032853000,0.1730015282124281,0.2243944463193416,-0.2831152230963111,-0.0642130821943283,-0.0530695915222168,-0.0008504569996148,jumping
1761481514052794600,0.2366426641263067,0.2227408338934183,-0.1567711089015007,-0.0659943893551826,-0.1246553882956504,0.0596771091222763,jumping
1761481514072737800,0.1083868071591947,-0.2069511440873146,-0.2395490530923008,-0.0866068974137306,-0.1227615103125572,0.074906937777996,jumping
1761481514092679700,-0.1378067254488822,-0.3760387137264013,-0.3229351923093199,-0.0988427847623825,-0.1079953536391258,0.0199965592473745,jumping
1761481514112622800,-0.1497527271725703,-0.2913110967725515,-0.438718457262218,-0.0732689872384071,-0.1009089052677154,-0.0181616488844156,jumping
1761481514132564700,0.0349485957504017,-0.1762789424479007,-0.4435112444967031,-0.0409612916409969,-0.043930422514677,-0.007060682401061,jumping
1761481514152508000,0.1868797583740204,-0.2722521760374307,-0.3629173663467168,-0.0216962080448865,0.0372193902730941,0.0225377958267927,jumping
1761481514172449800,0.0299278586786705,-0.2824509139686822,-0.2809843485474586,0.00882472936064,0.0307591017335653,0.01626249961555,jumping
1761481514192392700,0.0973634458389133,-0.2278396183371543,0.0105436058461666,0.0026406471151858,-0.1027984693646431,0.0138407498598098,jumping
1761481514212334000,0.0933496618865989,-0.1829512598186731,-0.0318064663663506,-0.0035724192857742,-0.1616198122501373,0.0108019299805164,jumping
1761481514232277200,-0.0276923547115642,-0.1101145716667175,-0.1950508629351854,-0.0298786349594593,-0.109492540359497,-0.0041670044884085,jumping
1761481514252219000,-0.1414200297083705,-0.0435603247851133,-0.3284937032192945,-0.0293880812823772,-0.0163935273885726,-0.050086922943592,jumping
1761481514272162000,-0.1858260115373879,0.084314944499731,-0.1674088227719068,-0.0027875858359038,-0.0187727008014917,-0.1056408882141113,jumping
1761481514292104000,-0.0420867177017498,0.4308505003660917,-0.0734185796931386,0.0913628786802291,-0.161753237247467,-0.1315501630306244,jumping
1761481514312046000,0.0774547216077335,0.8255658575117587,-0.0847626882672309,0.1656679064035415,-0.2561827600002289,-0.135207787156105,jumping
1761481514331989000,-0.2422327392183244,1.149399167704582,0.060036243289709,0.1929235905408859,-0.2088523656129837,-0.2221115827560424,jumping
1761481514351931100,-0.4952666757730767,1.3717746754169464,0.5894464866071939,0.1380980312824249,-0.226953312754631,-0.3780361711978912,jumping
1761481514371874000,-0.3956184069326147,1.746748390260339,0.9360738124102354,0.0415127240121364,-0.1746145486831665,-0.5075582265853882,jumping
1761481514391816200,-0.6288238996844738,2.370689851665497,0.533016743376851,0.0915733128786087,-0.10744259506464,-0.7238274216651917,jumping
1761481514411759000,-0.2941328761950135,2.770134575420618,0.7688646038636565,0.1770938485860824,-0.8999983668327332,-0.8002141118049622,jumping
1761481514431701000,-0.456506590876542,3.663728259497881,2.2348320591941477,0.0851529240608215,-2.1014771461486816,-0.983431339263916,jumping
1761481514451644000,-0.2583016478246078,5.057061855772138,3.095011549447477,-0.4319291114807129,-2.2461211681365967,-0.7002004981040955,jumping
1761481514471586000,0.4326857164366171,5.726020270511508,2.825496397158503,-0.967687726020813,-1.6844017505645752,-0.0653647929430008,jumping
1761481514491529000,0.4216499796919524,5.2697494976848365,1.8392618387848136,-1.1492851972579956,-0.883417010307312,0.2964080572128296,jumping
1761481514511471000,0.3384380279980599,4.162570346072316,1.1542591749563813,-1.2533257007598877,0.2046643048524856,0.2863388061523437,jumping
1761481514531414000,0.7254991440635175,3.0333827762693164,0.9930103361189364,-1.393254280090332,0.8551384210586548,0.3495280742645263,jumping
1761481514551356200,0.8163253701534122,1.4174538920521735,0.1645803213477134,-1.4616080522537231,0.4276650249958038,0.4108957350254059,jumping
1761481514571299000,1.5663134971767665,-1.5668424894869326,-2.059817729854584,-1.0070048570632937,-0.0562570765614509,0.7639172673225403,jumping
1761481514591241200,2.3508828890420497,-5.494726127806306,-6.24680063264966,-0.3578793704509735,0.8701825737953186,1.3104182481765747,jumping
1761481514611184000,-0.4421319920327514,-6.188664670023321,-6.71700582280457,0.1981345564126968,0.3118310272693634,1.1571800708770752,jumping
1761481514631126300,-1.847131110855192,-7.8795158164948225,-7.760410129120945,0.8656253218650818,0.0268550161272287,0.5817626118659973,jumping
1761481514651069200,-2.384626607081294,-8.07929896864891,-5.526760265448689,0.6004775166511536,0.2391190230846405,-0.0760385245084762,jumping
1761481514671011000,-2.097857976043969,-8.249640922263264,-3.700354401105642,-0.3283057808876037,0.7924951314926147,-0.1054345890879631,jumping
1761481514690953000,-0.5567478937067091,-8.89316737410426,-4.760149285730719,-0.7053137421607971,0.8223339915275574,0.0328616015613079,jumping
1761481514710896000,0.1275260539883747,-7.948751849806309,-5.913574640211463,-0.2390746474266052,0.802481472492218,-0.0226445328444242,jumping
1761481514730838000,-0.3821588040418923,-6.6631427151918405,-3.620066227903962,0.3065364956855774,0.8484857678413391,-0.5743046402931213,jumping
1761481514750781200,0.908651552477479,-5.06313679177165,0.2286187860161065,0.2614717483520508,0.4641143381595611,-0.9639710783958436,jumping
1761481514770723000,2.5849557026803494,-2.8675317043334245,2.629744692477584,-0.1844217032194137,-0.2812738716602325,-0.7357501983642578,jumping
1761481514790666000,3.9613896020799872,0.4339987352639436,2.545073189625144,-0.417735606431961,-0.3368597626686096,0.156834989786148,jumping
1761481514810608000,1.9739058715522289,3.544700898057222,2.720052155390382,-0.6868425607681274,0.224983811378479,0.8929535150527954,jumping
1761481514830551000,0.1929849068487062,4.063583317619562,2.9784710363864897,-0.6775281429290771,0.4631841778755188,1.1565039157867432,jumping
1761481514850493000,-1.563831909494102,3.777269298481941,3.114782125583291,-0.3636941313743591,0.1414750218391418,0.8260868787765503,jumping
1761481514870435800,-2.9216476176634427,3.699255499953032,2.87936359642446,-0.0080475509166717,-0.350380927324295,0.1873965859413147,jumping
1761481514890378000,-2.66602538164854,5.002284555923938,3.237609463828802,0.0525509491562843,-0.2768259942531585,-0.1494447737932205,jumping
1761481514910321000,-1.2656252079889176,6.693903179636597,3.009907208135724,0.0005266295047476,0.3512161076068878,-0.1250752508640289,jumping
1761481514930263000,-0.4677328817572444,7.268940032619238,3.1816596130698915,0.0147801339626312,0.7968185544013977,-0.0117585472762584,jumping
1761481514950206000,-0.233581139397528,6.59697366823554,3.72018372169137,0.2698803842067718,0.5578917860984802,-0.0679497420787811,jumping
1761481514970148000,-0.7855339991137384,6.530678364551067,4.248563452917337,0.5725154280662537,-0.1058230400085449,-0.3320261538028717,jumping
1761481514990091000,-0.6846699978079647,6.264692847692966,4.1558489288628095,0.8357385396957397,-0.4226934015750885,-0.5217534899711609,jumping
1761481515010033200,-0.0328426318805199,6.197884333789348,4.197463380277156,0.8206274509429932,-0.2184078395366668,-0.4914575517177582,jumping
1761481515029976000,0.5965422535544261,5.494765290772914,4.450757173344493,0.5507151484489441,0.2039195150136947,-0.3442963063716888,jumping
1761481515049918000,0.9037530398461968,3.823321440082789,4.199737754949927,0.3106927275657654,0.2931916117668152,-0.2434066981077194,jumping
1761481515069860900,1.0545645827561616,1.249416123726964,2.5311516317784784,0.5137150287628174,-0.1528671085834503,-0.235739454627037,jumping
1761481515089803000,1.528134865429997,-1.1061971548378466,1.468044846126437,0.5400009751319885,-1.528016448020935,-0.0244406331330537,jumping
1761481515109745200,0.2868645291598513,-3.851035960960388,-2.5795032824933526,0.6969229578971863,-2.269104242324829,0.0623337849974632,jumping
1761481515129688000,-2.3271792112410066,-5.448628978019952,-7.35754069161415,0.8578450679779053,-1.6392914056777954,-0.2880258858203888,jumping
1761481515149630000,-1.9327057000271972,-6.008243220943212,-8.162510335820913,0.5776770114898682,-0.219258651137352,-0.5862681269645691,jumping
1761481515169573000,0.5480914167813956,-5.587314395132661,-6.398321565937995,-0.0479557737708091,1.0556926727294922,-0.1866081357002258,jumping
1761481515189515000,1.3947491621606052,-6.414282520657777,-5.169785148632526,-0.4568053185939789,0.9284381866455078,0.3358886837959289,jumping
1761481515209461000,-0.3370426281169056,-7.681518378713727,-5.993557692986727,-0.1570207923650741,-0.1782553791999817,0.3740636706352234,jumping
1761481515229403100,0.1617376087350771,-8.525026135629416,-6.585923866432905,0.4480342268943786,-0.8534203767776489,0.420902281999588,jumping
1761481515249346000,1.8364393287099896,-7.930760266041755,-4.216415918028354,0.5837634205818176,-0.9768754839897156,0.7580498456954956,jumping
1761481515269288000,0.7865276863262057,-6.017501463153958,-1.068667050127685,0.160060316324234,-0.7060426473617554,0.8782329559326172,jumping
1761481515289231000,-1.0111945198461412,-3.068824676528573,1.410189454007149,-0.4023355543613434,-0.7117859125137329,0.7711219787597656,jumping
1761481515309173000,-0.8366674625668674,0.0617640899956226,2.4625457130640744,-0.7579002380371094,-0.9971951842308044,0.655055820941925,jumping
1761481515329116200,0.3462668219275772,2.937481438872218,1.936160370525717,-0.7986688017845154,-1.0588682889938354,0.7301778197288513,jumping
1761481515349058000,0.51641559105739,4.3387177710950375,2.2194810530662537,-0.9116881489753724,-0.8412802219390869,0.8928084969520569,jumping
1761481515369001200,-0.2460923372559249,5.352853897351026,2.237854914146661,-1.1693214178085327,-0.1492148637771606,0.7013872861862183,jumping
1761481515388942800,-1.5380371046327053,6.240035960820317,3.3557740709602832,-1.6118757724761963,0.3849014043807983,0.2514824569225311,jumping
1761481515408886000,-0.6482908897638321,5.305405917477607,4.144244415786862,-1.7826597690582275,0.8289514183998108,-0.2069611698389053,jumping
1761481515428828000,0.2768701912268996,5.32410594177246,4.148828820967674,-1.5902401208877563,0.9404389262199402,-0.5642492771148682,jumping
1761481515448771000,1.836380876521021,5.771430022555589,3.14012874828577,-0.9827175736427308,0.916878879070282,-0.5134767889976501,jumping
1761481515468713000,2.875844774648547,6.202371123814583,3.8397061731725928,-0.5302452445030212,0.6242779493331909,-0.145376831293106,jumping
1761481515488655000,3.175780784164369,5.495646749782562,5.523137983298302,-0.4398312568664551,0.2263677567243576,0.2399178296327591,jumping
1761481515508598000,2.207160354544967,3.681815704852343,6.139038177067041,-0.5046406984329224,0.0587573125958442,0.2552796304225921,jumping
1761481515528540200,-0.0455921228736639,2.418361118900776,5.441074032595753,-0.6273843050003052,-0.0509508326649665,-0.2249940931797027,jumping
1761481515548483000,-0.124047600755468,1.653650419846177,3.102189770513773,-0.4330429136753082,-0.3690784871578216,-0.6446202397346497,jumping
1761481515568425000,1.1598680278141051,1.63361476303339,0.1668096878349781,0.0928128808736801,-0.3444214165210724,-0.5099973678588867,jumping
1761481515588368000,1.993438693409413,0.4712736961692571,-1.915021720907092,0.8605794906616211,-0.0628389939665794,0.1222058907151222,jumping
1761481515608310000,1.1211035590033978,-1.943431238311529,-0.7245832713276147,0.8555018305778503,0.1709349602460861,0.3401736915111542,jumping
1761481515628253000,1.069250329908356,-5.298864533010125,-0.1235340252101421,0.5527366399765015,-0.8896370530128479,0.2521852850914001,jumping
1761481515648195000,-0.7689788778930902,-7.700285038504004,-4.620518112200498,0.5191367268562317,-2.401296615600586,-0.0794453546404838,jumping
1761481515668138000,-3.1214760702639817,-8.355961362344026,-11.715242564642429,0.994783103466034,-1.473534107208252,-0.4704665839672088,jumping
1761481515688080100,-3.3435105094537136,-6.395408308839798,-13.3478835142076,1.6797696352005005,1.0619943141937256,-0.7876869440078735,jumping
1761481515708023000,-0.8551216954071075,-6.723785107681155,-8.105599531075358,1.2342894077301023,1.697415471076965,-0.6343421936035156,jumping
1761481515727965200,-0.1145763733811676,-7.117057864803075,-2.9959219374030828,0.1769184321165084,0.9350600838661194,-0.5798603296279907,jumping
1761481515747908000,0.0023488281484693,-7.194817980831861,-4.089931226319075,-0.2000468224287033,0.0488003157079219,-0.6542125344276428,jumping
1761481515767850200,-0.5304889053996652,-5.104715587350726,-6.720127754217386,0.1861921399831771,-0.0445212572813034,-0.5491485595703125,jumping
1761481515787792000,0.0514480092950165,-3.132878923287988,-5.320052866989374,0.4549573957920074,0.3652370572090149,-0.1127714961767196,jumping
1761481515807735000,-0.2655298820450902,-2.4915274773985145,0.1105062013328075,-0.0992159023880958,0.609193742275238,-0.1098931729793548,jumping
1761481515827677000,-0.7903485597886145,-1.9054361464381215,3.3960850385606287,-0.951789140701294,0.4698655903339386,-0.4338121116161346,jumping
1761481515847620000,-0.3054798343133181,0.7884265056848525,3.605277824094892,-1.3945672512054443,0.36945241689682,-0.6231195330619812,jumping
1761481515867562000,0.9014405981853604,3.2287352524995803,2.9251006807267665,-1.3512126207351685,0.1839295625686645,-0.3446431159973144,jumping
1761481515887505200,0.8626816092673688,5.181132472077012,2.86914381570518,-1.0597838163375854,0.0391080789268016,0.0485118217766284,jumping
1761481515907447000,-0.4958570794142782,5.387723550680279,3.2772786263942715,-0.8126481175422668,0.0765196606516838,-0.0735738277435302,jumping
1761481515927390200,-0.5832209631558507,5.72726647118032,3.1152047349095344,-0.4404197931289673,0.4261155724525451,-0.2976073026657104,jumping
1761481515947332000,0.3294145809238776,6.837680366930365,4.353450060802698,-0.1335899829864502,0.6358063817024231,-0.1635787189006805,jumping
1761481515967275300,1.289748426376283,6.926494960936903,5.164308178526163,0.3000630736351013,0.6089535355567932,0.1824015378952026,jumping
1761481515987217000,0.8079347776226699,8.496402098691464,6.330248146665096,0.4844471216201782,0.0789278596639633,0.515730082988739,jumping
1761481516007160000,0.7276585140544921,7.453022926816343,6.831072931489348,0.558894693851471,-0.553150475025177,0.6346527934074402,jumping
1761481516027102000,-0.7852664342187344,7.016649279114604,6.183620830637216,0.5313853621482849,-0.4869705438613891,0.4016673564910888,jumping
1761481516047045000,-0.9520189850389956,5.730571357944608,6.099491764098405,0.2817128598690033,-0.3423978984355926,0.0800618678331375,jumping
1761481516066987000,-0.4013169839004054,4.796527005535364,5.856029629215597,-0.0277725178748369,-0.6822724938392639,-0.1733961999416351,jumping
1761481516086930000,0.7860707363389432,4.0219063223630185,3.394465328404307,-0.0686213299632072,-0.8379937410354614,-0.0457206852734088,jumping
1761481516106872000,1.4700009486302732,1.1158692385464906,0.3082505411356687,-0.0121589386835694,-0.2916342616081238,0.1944515705108642,jumping
1761481516126815000,1.0632358188591895,-3.2744477868825195,-2.211081473511457,0.1576891243457794,-0.2369306534528732,0.1082471534609794,jumping
1761481516146757000,0.3874011251421645,-6.131055361619591,-5.155615168982744,0.5643675327301025,-1.1728577613830566,-0.0338345952332019,jumping
1761481516166699300,-0.8220057538773864,-8.53749281849265,-9.44429552823305,1.2755820751190186,-1.134729266166687,-0.3050418496131897,jumping
1761481516186642200,-1.901276396410167,-9.725619483998416,-9.500894782811402,1.1829833984375,-0.0250519644469022,-0.7502484917640686,jumping
1761481516206584000,-0.3984781072126701,-9.1504622195065,-7.75510383940637,0.635569155216217,0.814521312713623,-0.6378596425056458,jumping
1761481516226527000,0.7878820235446095,-8.731803092193603,-9.811582195705174,0.8917048573493958,0.8030481934547424,-0.274624764919281,jumping
1761481516246469000,0.3716415016807615,-8.895189235320688,-10.0329453115046,1.3845112323760986,0.3378486633300781,-0.1294832229614257,jumping
1761481516266412000,0.5274878969527781,-8.262276531952619,-6.995837961754202,1.3937005996704102,0.2099794447422027,0.0236641336232423,jumping
1761481516286354200,1.0168716886997222,-6.281401405909657,-3.6400469396591184,1.0785373449325562,0.5419183373451233,0.3543177545070648,jumping
1761481516306297000,1.0473358005464075,-4.0687721184343095,-0.6675152301937342,0.5654621124267578,1.198841571807861,0.6424434185028076,jumping
1761481516326239200,-0.2738958881238475,-2.357256954118609,3.1023332706376907,-0.1763846725225448,1.4326884746551514,0.5559022426605225,jumping
1761481516346182100,-1.0290305477228014,-0.4569166695147753,6.099833124881982,-0.8748555779457092,0.8691184520721436,0.3629979789257049,jumping
1761481516366124000,-1.0946977095715702,1.9179437458336352,6.361286843529343,-1.2222014665603638,0.2484229803085327,0.2858280837535858,jumping
1761481516386067000,-1.1353670621555298,4.474077258655429,4.232177550783753,-1.0756014585494995,0.3296388983726501,0.4060597717761993,jumping
1761481516406008800,-1.7933641570933163,5.748173065608739,4.221692397126555,-0.9223077297210692,0.5754315257072449,0.3510856032371521,jumping
1761481516425952000,-2.334502539866417,6.00483312023878,5.471219580012559,-0.8623117804527283,0.4920373558998108,0.0236647799611091,jumping
1761481516445894000,-2.581523097883165,6.479210627642273,6.355415905669331,-0.8764974474906921,0.3273926079273224,-0.3936441540718078,jumping
1761481516465836000,-1.4191199255682527,7.276564536148309,6.437533047863841,-0.8824480175971985,0.2513717412948608,-0.5481279492378235,jumping
1761481516485779000,0.2634372936800122,8.071313230592011,5.812677978745103,-0.7434123754501343,0.2872495949268341,-0.3026854991912842,jumping
1761481516505721000,1.33720473568663,7.870075203454494,5.91415740853548,-0.5665746927261353,0.0391476452350616,0.1099406331777572,jumping
1761481516525664000,0.959970455500111,7.043562420481443,6.201108556532859,-0.4376130998134613,-0.3920198380947113,0.2805970907211303,jumping
1761481516545606000,-0.7369661483649164,6.055514090684056,5.89300940656662,-0.3314169049263,-0.8566391468048096,0.0265597496181726,jumping
1761481516565548800,-0.6385249902918935,6.007929332688451,4.289600396704674,-0.1829742640256881,-0.7659158706665039,-0.1194871440529823,jumping
1761481516585491000,0.2243974967929534,6.563761718985438,3.6075399238079786,-0.1635239571332931,-0.3066504001617431,-0.0134961139410734,jumping
1761481516605433900,0.6293959274187684,6.562532469451427,3.063347706422209,-0.1826068460941314,0.1625657975673675,0.1555310040712356,jumping
1761481516625376000,0.6848968653663993,5.555558489909767,2.332911617413163,-0.0542881488800048,0.2247039377689361,0.2853817939758301,jumping
1761481516645319000,1.3228360185943544,2.881491840624809,2.0060937384516,0.2350913286209106,-0.4354437589645386,0.4392845034599304,jumping
1761481516665261000,2.8088299245178696,-0.6160813955545426,2.005455440548062,0.1969543695449829,-1.464963674545288,0.7953912615776062,jumping
1761481516685204000,1.9056041964814063,-4.229430882424116,0.9620750996291636,-0.6142154335975647,-2.182461261749268,1.011273741722107,jumping
1761481516705146000,-1.7815052308648824,-8.383134031429886,-7.862914225783943,-0.7134383916854858,-1.027955174446106,0.6197413802146912,jumping
1761481516725089000,-5.420056379008293,-11.024400819396972,-14.853646973353625,-0.1771348863840103,0.1787769049406051,-0.3217592537403106,jumping
1761481516745031200,-3.3709166950345035,-11.529717654943466,-12.154943310940263,-0.5674195885658264,0.4671030938625335,-0.5141173601150513,jumping
1761481516764974000,-1.382998957003653,-11.253970622527598,-11.279680233323573,-0.8436273336410522,0.361921101808548,-0.334343284368515,jumping
1761481516784916000,-0.7827006753839552,-10.804850890499353,-14.302837968176602,-0.0661554634571075,0.4416326582431793,-0.0381006486713886,jumping
1761481516804857900,0.5776901439704001,-9.906846404242517,-11.925620176047088,0.7239609956741333,0.2962844669818878,0.4946282207965851,jumping
1761481516824801000,0.768206286085397,-8.836654044243692,-6.107011053687334,0.9318343997001648,-0.2848232984542846,0.9597236514091492,jumping
1761481516844743000,-0.8436091714635491,-7.794081512576341,-1.6176918022364375,0.7335343360900879,-0.8497297763824463,0.9383476972579956,jumping
1761481516864686000,-3.4030972554102537,-5.831410736265778,0.8114221813470125,0.2085895091295242,-0.4753551185131073,0.3660989701747894,jumping
1761481516884628000,-3.95483828074038,-2.925868157967925,3.1970261090278624,-0.5746912360191345,0.1811632364988327,-0.3268121182918548,jumping
1761481516904571100,-1.7183151997193693,0.4282587303072214,3.20083543818295,-0.8944839835166931,0.3776076138019562,-0.6297544240951538,jumping
1761481516924513000,0.8797732485175133,3.683239600175619,1.9215747958123683,-0.5779131650924683,0.1335085034370422,-0.389104276895523,jumping
1761481516944456200,1.454548966345936,5.467031480672955,1.8493430878162385,-0.0723673775792121,-0.2136915773153305,-0.1317604929208755,jumping
1761481516964397800,0.2701280234903097,5.877203934669494,3.2006361162185666,0.1846740543842315,-0.2534048557281494,-0.2530251443386078,jumping
1761481516984341000,-0.4462587896391749,6.599617460742593,4.826119595244527,0.1092011779546737,0.0096825361251831,-0.4966850876808166,jumping
1761481517004283000,0.0458695515755563,7.146256486758589,5.566494309943914,0.0181541815400123,0.1371594220399856,-0.650894284248352,jumping
1761481517024226000,0.6833837573897094,7.667292284962534,5.509328069132566,0.0938960313796997,0.1163472458720207,-0.6467603445053101,jumping
1761481517044168000,1.0373784701555966,8.062664644712209,5.441991147440672,0.2396013438701629,0.0986998677253723,-0.561963677406311,jumping
1761481517064111000,1.0152185146652162,8.014037099665403,5.903447213950753,0.1709057688713073,0.0020007765851914,-0.5095414519309998,jumping
1761481517084053000,0.6375394133206457,7.421141349387168,5.872386889776587,0.0173985566943883,-0.0206564161926507,-0.5532487034797668,jumping
1761481517103995100,0.620131255467236,6.897499168077111,4.886331779623031,-0.0103122144937515,0.0487685464322567,-0.5787426233291626,jumping
1761481517123938000,0.8064308028005063,6.688959878015518,3.637775487595796,0.154702216386795,0.1488422751426696,-0.4830929040908813,jumping
1761481517143880200,1.254945408542454,5.876518875014781,3.422104445958137,0.2569750249385834,0.0661946982145309,-0.3166028261184692,jumping
1761481517163823000,2.266283428512513,4.278630089879036,3.0861808849990364,0.2346157729625702,-0.2459439486265182,0.0512885153293609,jumping
1761481517183765000,2.5609113947480915,1.5014257222026586,1.0326748225092888,0.3477259278297424,-0.3621242642402649,0.4657104909420013,jumping
1761481517203708700,1.8696976013198492,-2.883074141380191,-0.4424287099570035,0.2123517990112304,-0.4123390913009643,0.5354819297790527,jumping
1761481517223650800,-0.5685695566646755,-6.219924316161871,-1.523351722806692,-0.2996221780776977,-1.136334776878357,0.2215470820665359,jumping
1761481517243593700,-1.7912614857256413,-8.26140033363998,-8.945788372701406,0.3224222958087921,-0.8839181661605835,-0.1270110160112381,jumping
1761481517263535600,-1.4432779230080544,-8.662377673789859,-12.315684492516516,1.066297173500061,-0.0335591845214366,-0.2840707898139953,jumping
1761481517283478800,0.2130482188533991,-9.366120986184477,-8.204576622655987,0.6354445815086365,0.7325160503387451,-0.0709868445992469,jumping
1761481517303420700,0.8562884741641581,-10.253589465379717,-4.79519020397365,-0.2502454817295074,0.745775580406189,0.08335792273283,jumping
1761481517323363800,0.9512263733565808,-10.162651887869837,-6.256869022199512,-0.3943599164485931,0.3566762208938598,0.2045822143554687,jumping
1761481517343305500,0.919821254332736,-8.797483478850125,-7.08049543608129,-0.0580128878355026,-0.0481793470680713,0.4315703213214874,jumping
1761481517363248600,0.7878819504793733,-7.411039057567716,-5.137413741859794,0.2619191408157348,-0.427677184343338,0.6364542841911316,jumping
1761481517383190500,-0.3661282912172376,-5.862383382156491,-2.3922160392969847,0.3754665851593017,-0.7941124439239502,0.5930154919624329,jumping
1761481517403132700,-1.706779806356877,-3.8623873760581016,-0.3720154495596885,0.2530794143676758,-0.4429559707641601,0.2091370671987533,jumping
1761481517423075600,-0.8594659351564943,-1.1522206548660994,1.7910457971483469,-0.0993899330496788,0.3587284386157989,-0.0183039102703332,jumping
1761481517443017700,0.3665223320361226,1.5211077432721851,4.561531670224666,-0.7392070889472961,0.9226754903793336,-0.0299606882035732,jumping
1761481517462960600,0.2798655005853623,3.664253744676709,5.674287160664797,-1.196603536605835,0.8720064163208008,-0.0837398469448089,jumping
1761481517482902800,-0.4445318197160959,4.670650801113248,3.752770232519507,-0.8707389235496521,0.371207594871521,-0.3332036435604095,jumping
1761481517502845700,-0.3533268965069204,5.706708836320042,1.411973414814472,-0.0710058286786079,0.2183552086353302,-0.4918347299098968,jumping
1761481517522787600,0.3504452035907656,6.741766170051694,1.7416870152175423,0.4871262907981872,0.4761890172958374,-0.4331572949886322,jumping
1761481517542730500,1.0066004700541495,7.665075777956843,3.972386212390661,0.5683739185333252,0.6816638112068176,-0.183670163154602,jumping
1761481517562672600,1.3196256782457232,7.71801008028686,6.099200087675452,0.3199033737182617,0.5127344131469727,0.0779742375016212,jumping
1761481517582615600,0.6860837370634079,7.035359824803471,6.794368463948369,-0.0222230684012174,0.3519214987754822,0.1532448232173919,jumping
1761481517602557700,0.1369409115329384,5.869429793536662,5.646264012229442,-0.0824808105826377,0.5169357061386108,0.0946804881095886,jumping
1761481517622500600,-0.3485657465197145,5.444175505742431,5.21345594805479,-0.0522723570466041,0.4621312916278839,-0.0851497426629066,jumping
1761481517642442800,0.3345119405955076,4.644917224919796,4.525220001393556,0.0786477103829383,0.2368412315845489,-0.1570847630500793,jumping
1761481517662384600,0.1139973496505059,4.699052135211229,4.034730148100853,0.07957524061203,0.1410459131002426,-0.1073998734354972,jumping
1761481517682327800,-0.0580518828057683,3.310174933823943,3.0286364585250616,0.0513038784265518,-0.0087559325620532,-0.0623129270970821,jumping
1761481517702269700,0.2553526252932846,1.020339072549343,0.90385671941638,0.1557209193706512,-0.4199126362800598,0.0488703548908233,jumping
1761481517722212900,0.7383249425627291,-1.788131955528259,-2.8023814790308474,0.6230059862136841,-0.4505826830863952,0.0792168453335762,jumping
1761481517742154500,0.0390113562438637,-4.48101261087656,-5.273595067197084,0.9995074272155762,-0.0146100614219903,-0.0892641618847847,jumping
1761481517762097700,-0.9593215631373226,-5.994685235711932,-4.545771791034936,0.6361169219017029,-0.3727151751518249,-0.3746755421161651,jumping
1761481517782039600,-1.3806893648870289,-6.338908422982692,-8.391459376704692,0.8937132954597473,-0.6438820362091064,-0.6221680045127869,jumping
1761481517801982700,0.6094378658868372,-6.135396605694294,-11.293462090438604,1.4921623468399048,0.3772317767143249,-0.4503687024116516,jumping
1761481517821924600,1.971015410807729,-6.530354539424181,-6.087424309685826,0.8589525818824768,1.1992243528366089,-0.0458314828574657,jumping
1761481517841867800,0.4451415125796571,-7.323024089506268,-2.4293255805075167,-0.1798838973045349,0.9763385653495787,0.0157682485878467,jumping
1761481517861809700,-0.779418584973365,-7.735765517207979,-3.9874201153934,-0.3253564834594726,-0.1251510977745056,-0.114790141582489,jumping
1761481517881752800,-0.2161095609190873,-6.870260448017716,-6.862601457697153,0.2745692729949951,-0.893376350402832,-0.015563590452075,jumping
1761481517901694700,0.5637482009228318,-5.2240755417466165,-5.8736114631354805,0.602822482585907,-0.8593162894248962,0.3425806760787964,jumping
1761481517921638000,-0.9603094051308928,-2.7802637552469966,-3.104735363343358,0.4518018066883087,-0.1243858486413955,0.3990876078605652,jumping
1761481517941579500,-2.215749319192022,-0.7629705773890018,0.4596960711002349,-0.0579474233090877,0.4437655508518219,0.1067908853292465,jumping
1761481517961521700,-1.8046964290991423,0.6482645862787961,3.7700843554139136,-0.6901049613952637,0.306142121553421,-0.2748205661773681,jumping
1761481517981464600,-0.5140159825697541,2.966101968678832,4.4425008016526695,-1.083659052848816,-0.0521095655858516,-0.3837321996688843,jumping
1761481518001406700,1.1274323236335069,4.817690205073356,2.7264479939073323,-1.0003389120101929,-0.2416495680809021,-0.0392378270626068,jumping
1761481518021349600,0.6524465481385588,5.266285620966554,2.057255185890197,-0.6700159311294556,-0.2798973023891449,0.0775002986192703,jumping
1761481518041291800,-0.024371621924173,3.903035612788796,2.9936428865551945,-0.2943733632564544,-0.1244860365986824,-0.1382384300231933,jumping
1761481518061234700,-0.8691741861570625,5.0053316685348745,5.561388511237502,-0.3136020004749298,-0.296608567237854,-0.52781081199646,jumping
1761481518081177600,0.7986196175929159,5.863847609490156,5.752724153041839,-0.1690180599689483,0.0652562975883483,-0.4790568649768829,jumping
1761481518101119700,1.6342203277111051,6.796070591691136,5.369563624611496,0.019823495298624,0.2311409562826156,-0.1620803326368332,jumping
1761481518121062700,1.766009555569291,6.468782757130265,4.982053084278107,0.3622403442859649,0.3348301947116852,0.2184727191925048,jumping
1761481518141004500,0.7659690285526216,4.942448803642392,3.062045391651988,0.8873841762542725,0.3334261178970337,0.2824584543704986,jumping
1761481518160947500,-1.481044028431177,4.240066258206963,3.344124549698829,1.1716127395629885,0.6600751280784607,-0.1439382433891296,jumping
1761481518180889600,-1.662416933017224,4.412531195324659,2.8246885879069565,1.2948898077011108,1.195662498474121,-0.5197858810424805,jumping
1761481518200831700,-1.2988449021540582,4.5226334920316935,2.214474623081088,1.1100648641586304,0.7513975501060486,-0.6577222943305969,jumping
1761481518220774100,-0.4841890726480632,2.302832705491781,1.4643407309114933,0.8366261124610901,-0.0403197184205055,-0.4975032806396484,jumping
1761481518240716300,-0.2260353819267824,-0.8156833459228277,0.625836189110577,0.5786108374595642,-0.7972139120101929,-0.1823212951421737,jumping
1761481518260659200,0.13043145657368,-2.563931034830212,0.3746832074642181,-0.0783045813441276,-1.1635595560073853,-0.4332053661346435,jumping
1761481518280601300,1.262199325193465,-3.1083436169683933,0.1771767680704593,-1.185548186302185,-0.9991892576217652,-0.2764712572097778,jumping
1761481518300544300,2.3372106297813358,-3.320695743316412,-2.22465407178998,-2.218311548233032,-0.1795019209384918,0.4862627685070038,jumping
1761481518320486400,0.7112044420555234,-3.8538440041184425,-6.121947926056385,-2.241485595703125,0.8660046458244324,0.7266917824745178,jumping
1761481518340429300,0.0849603662637993,-6.385515860378741,-9.961881478244065,-0.8018330931663513,1.8904865980148315,0.3066964745521545,jumping
1761481518360371500,0.4424447843089699,-7.175289689019322,-9.646635963654518,0.7806069850921631,1.5138485431671145,-0.007387202233076,jumping
1761481518380314400,1.2112533471364528,-5.070737914425134,-4.551420610576868,0.9011926651000975,0.4175581932067871,0.3563331663608551,jumping
1761481518400256300,2.274262590698153,-5.551269268283248,-0.9909417131513356,-0.0274658538401126,0.3351637423038482,0.945197820663452,jumping
1761481518420199200,2.4783421248719093,-5.510927905544638,-0.1743640487372875,-0.8246211409568787,0.5326534509658813,1.3383660316467283,jumping
1761481518440141300,-0.1028975712263025,-4.538496831595897,-1.1329694264292716,-0.7361330986022949,0.276487648487091,0.98920077085495,jumping
1761481518460084200,-1.4698273456290365,-3.2442437872767447,-0.1715098283499479,-0.6400002241134644,0.0454789511859416,0.4440977275371551,jumping
1761481518480026400,-2.794174791699648,-0.7145803482294082,1.1166139194339513,-0.6285112500190735,-0.2035075426101684,-0.2626545131206512,jumping
1761481518499968300,-1.2974891036309302,1.5610206514656544,2.287567916342616,-0.7482686638832092,-0.221509039402008,-0.5285809636116028,jumping
1761481518519911200,0.6373945249572396,3.5207495291054247,3.4883903972923758,-1.068368434906006,-0.3875677585601806,-0.3097449839115143,jumping
1761481518539853300,1.406238962815702,4.55630253739953,3.11368439347446,-1.0881431102752686,-0.8473663330078125,-9.64111823122e-05,jumping
1761481518559796200,0.6410571391180158,5.3375505297571415,1.9556886623382568,-0.7050872445106506,-0.959169626235962,0.1698885709047317,jumping
1761481518579738400,0.120750678101927,5.285339281004667,0.3181213622868061,0.011864373460412,-0.2406697571277618,0.3353357315063476,jumping
1761481518599681300,-0.3591667085763066,4.802363456603884,0.2124327903687954,0.658294677734375,0.5242436528205872,0.3501548767089844,jumping
1761481518619623200,-1.531426454321295,5.166024919316173,2.5433324834376574,0.9445361495018004,0.5645087957382202,-0.101867951452732,jumping
1761481518639566000,0.1619462465170771,4.914955232039094,4.668589192408323,0.8026933670043945,-0.0835273936390876,-0.0842515677213668,jumping
1761481518659508200,0.9142072869084776,4.7778790036886924,5.063860429871082,0.4784281253814697,-0.3368310630321502,0.1382303386926651,jumping
1761481518679451100,0.1496430745193269,4.5539352237463,5.056660289233923,0.0716095045208931,-0.4729167520999908,0.2451867759227752,jumping
1761481518699393300,-0.4663124205000698,3.787333011856675,3.694037473043799,-0.0385274291038513,-0.5756354928016663,0.1509010195732116,jumping
1761481518719336200,-0.5395079685596749,3.4651690961807966,1.224313246652484,0.3761441707611084,-0.5492013692855835,0.0584398061037063,jumping
1761481518739278300,0.1487190641427412,1.7228157260090111,-0.082407065051794,0.8882593512535095,-0.3239627182483673,0.0768842175602912,jumping
1761481518759221200,-0.0562923805862665,-0.687566084575653,-0.1904389852255582,1.0579869747161863,-0.4305484294891357,-0.069643810391426,jumping
1761481518779163400,0.449486446448788,-2.3978859016269443,-0.8017454214632511,0.9291345477104188,-0.7425453066825867,-0.1679342687129974,jumping
1761481518799105300,1.3510256096377968,-3.367378584036231,-2.361217089921236,0.6749463677406311,-0.9605152606964112,0.0278536826372146,jumping
1761481518819048200,-0.1170037101259455,-5.004771696564555,-5.691165230229497,0.7599729299545288,-0.249212384223938,0.0904672220349311,jumping
1761481518838990300,-1.7605271786354482,-4.931819273078442,-7.883018271657824,1.400816559791565,0.649487316608429,-0.148347795009613,jumping
1761481518858933200,-0.0953582434963434,-5.324073793068528,-6.746764416730404,1.8395094871521,0.8581680059432983,-0.3089261651039123,jumping
1761481518878875100,0.8460325261529534,-6.266994694894552,-3.4300527746140954,1.3908321857452393,1.085180163383484,-0.2225816398859024,jumping
1761481518898818300,0.3104173637807369,-7.068319845119119,-0.088887951503694,0.2959555983543396,1.02983295917511,-0.0666186809539794,jumping
1761481518918760200,0.6359037749428301,-7.115460366478562,-0.5125675373271107,-0.2434440851211547,0.581038236618042,0.1119522824883461,jumping
1761481518938703400,1.401167650900781,-6.699596422842145,-3.289508577892184,0.2706457078456878,0.0002279104664921,0.4834429025650024,jumping
1761481518958645200,0.1259097961644642,-5.48123419354856,-3.523823821984231,1.0590391159057615,-0.5172232985496521,0.5574473738670349,jumping
1761481518978588400,-2.0701624521277844,-3.689629008951783,-0.2131222339376807,1.1089946031570437,-0.6581767201423645,0.1106721684336662,jumping
1761481518998530000,-1.478070711708814,-1.4997458062916993,4.609339131060242,-0.2126207053661346,-0.645406186580658,-0.3398810029029846,jumping
1761481519018473200,-0.3874544627645984,1.2710533705174922,5.092096344274283,-1.8701941967010496,0.3003625571727752,-0.6350111365318298,jumping
1761481519038415000,1.15407987286672,4.2855981753259895,1.938154759213328,-2.406365871429444,1.365064024925232,-0.4284690022468567,jumping
1761481519058357200,2.2064877159804106,5.835107252696156,-0.9384346963226796,-1.5422859191894531,1.3999141454696655,0.174820140004158,jumping
1761481519078300200,0.8732651817977428,5.578945795238018,-1.8759861800700424,0.2606146335601806,0.3043894469738006,0.4059911072254181,jumping
1761481519098242300,-0.8702330475602299,5.582739342302084,1.3738497281253337,1.1695523262023926,-0.3673151731491089,0.2686345875263214,jumping
1761481519118185200,-1.462275761205703,6.046046589636802,6.789944217765331,0.3818934261798858,-0.2000261694192886,-0.0059538972564041,jumping
1761481519138127400,-0.9023140200190246,6.798436736300587,8.457475278925894,-0.8429429531097412,0.4507643282413482,-0.1757332235574722,jumping
1761481519158070300,-0.0058508631863631,6.929073871514201,6.388014106935263,-1.3237119913101196,0.687673807144165,-0.1663085520267486,jumping
1761481519178012400,0.6560671497885138,6.077264734721183,3.732149469295144,-0.7803788185119629,0.3615630865097046,-0.0249968394637107,jumping
1761481519197955300,-0.4127823077013716,4.939622055783867,2.333779047897458,0.0809109956026077,-0.1664745211601257,-0.1414040327072143,jumping
1761481519217896700,-1.1634760622434317,4.2051814073085785,3.3024703507959843,0.3193154335021972,-0.5532429218292236,-0.4682669639587402,jumping
1761481519237839600,-0.1569629234128631,4.306211924287677,4.234432051712274,-0.080933429300785,-0.5305787324905396,-0.5011705160140991,jumping
1761481519257781800,1.0986900671433657,3.8386324064612394,3.4172774641931056,-0.4508601129055023,-0.5688577890396118,-0.1817852556705474,jumping
1761481519277724700,2.0344104630060493,1.2427888145416974,1.0117173746764658,-0.2903279662132263,-0.4004596769809723,0.3592937886714935,jumping
1761481519297666800,-1.0349763774499297,-2.8187171122819183,-2.0032266585826872,0.3297535181045532,-0.6501493453979492,0.0616723820567131,jumping
1761481519317608700,-3.294274184858798,-4.668678039735555,-4.130453790843487,0.9699277281761168,-1.569914937019348,-0.9070450663566588,jumping
1761481519337551600,0.0109345276927808,-5.235263875237107,-5.515620447275042,1.033939003944397,-1.4968852996826172,-1.1684719324111938,jumping
1761481519357493800,2.437774552161992,-5.973429097193479,-6.089034082970023,0.4361379146575928,0.274428516626358,-0.702254056930542,jumping
1761481519377436700,1.587999551545083,-5.509957599207759,-6.785929721426964,0.2492731511592865,1.7177813053131104,-0.3699655532836914,jumping
1761481519397378600,1.666839571765065,-6.223256675454974,-5.682102802851796,0.3660747706890106,1.2806775569915771,-0.0782801955938339,jumping
1761481519417321700,2.1105824330605567,-7.314737322676181,-2.397028992536664,0.0209815260022878,-0.7300124168395996,0.2222567051649093,jumping
1761481519437263600,1.3861590284697711,-7.808618571972847,-3.8192087440669535,-0.3476998805999756,-1.3691556453704834,0.3579255640506744,jumping
1761481519457206800,0.8525302906744182,-7.185939677849412,-5.774427450805902,-0.5113946795463562,-0.3970401287078857,0.5679395794868469,jumping
1761481519477148700,-0.2924783687199466,-6.511247103372216,-5.709129925987124,-0.4467862844467163,0.5323212146759033,0.5831679105758667,jumping
1761481519497091800,-2.1531040624476967,-4.826892917704582,-2.8272078772515057,-0.3615512549877167,0.5732360482215881,0.1689194440841674,jumping
1761481519517033500,-1.146541294055432,-2.497685415506363,1.2188947287350893,-0.5095450282096863,-0.1317887753248214,-0.0755153521895408,jumping
1761481519536976600,0.314620295363292,0.8718383638650178,2.4994039098620413,-0.6107648611068726,-0.4498258829116821,0.0903684273362159,jumping
1761481519556918500,0.6028372255127876,3.4222605133026835,2.07726278565228,-0.5468303561210632,-0.0830850228667259,0.3612335622310638,jumping
1761481519576861700,-0.079109448278509,4.749768176969885,2.854576361170411,-0.5618346333503723,0.6064124703407288,0.33514603972435,jumping
1761481519596803600,-1.2233004163481294,5.357633532842994,4.900486561703682,-0.8657259941101074,0.9081976413726808,-0.1018280088901519,jumping
1761481519616745700,-0.2150593029474839,5.641319541564584,5.465932579520344,-0.8773509860038757,0.1994175463914871,-0.3967797756195068,jumping
1761481519636688600,0.3155355105120688,7.620863126742839,4.096788837128877,-0.4518744945526123,-0.1459170877933502,-0.2660377323627472,jumping
1761481519656630800,0.9570962152380496,8.04043410820365,4.125290708991885,-0.2104484587907791,-0.049023650586605,0.0703932419419288,jumping
1761481519676573700,0.555071484927088,6.707561702632904,5.314323383426666,-0.4307705461978912,0.2510901689529419,0.168227806687355,jumping
1761481519696515600,-0.345085283992812,4.994700384405255,6.670719287925958,-0.8863745927810669,0.1166811287403106,-0.0183163471519947,jumping
1761481519716458800,-0.7230694326985627,3.4896073718667027,5.845626893144845,-1.1502044200897217,-0.3213874697685241,-0.2398582696914672,jumping
1761481519736400600,-1.8247116276457904,3.506742631062865,3.22918299626708,-0.9293609261512756,-0.7386251091957092,-0.5587438344955444,jumping
1761481519756343600,-2.006723560787737,3.2634125981271267,0.2630582312345504,-0.4320397973060608,-0.4611077904701233,-0.6837723255157471,jumping
1761481519776285700,-0.4657266565013677,2.260586970436573,-0.7844441580504179,0.0106367878615856,-0.1852347552776336,-0.4995825886726379,jumping
1761481519796228600,0.7829965165253728,0.4782867898017168,-1.3623901764780282,0.4891663491725921,-0.1247933804988861,-0.2658119201660156,jumping
1761481519816170800,0.333372561302036,-0.8500152391135692,-2.862090390062332,1.1670323610305786,0.1273101568222046,-0.2080880403518676,jumping
1761481519836113700,0.9474928128514438,-2.760089566746354,-2.017351045525074,1.263558030128479,0.220958724617958,-0.0697155892848968,jumping
1761481519856055800,0.2525386638510972,-3.797769650197029,-0.9153028270602226,0.6237361431121826,0.0535200238227844,-0.1688751727342605,jumping
1761481519875997700,1.0903716630659996,-4.171991669890284,-2.692708221390843,0.0675934553146362,-0.374729722738266,-0.2997412383556366,jumping
1761481519895940900,3.257646874207258,-4.913651748225092,-4.816982933586836,0.1096372678875923,-0.0569111593067646,0.1020600423216819,jumping
1761481519915882500,3.1908184865593907,-6.247128549429774,-5.501111444929242,0.1934312731027603,0.2682070434093475,0.5884935855865479,jumping
1761481519935825700,0.2417884660495445,-7.115551551893353,-5.07984710355401,0.0589273981750011,-0.0028658718802034,0.5230791568756104,jumping
1761481519955767600,-0.8618040227152407,-7.550778952169418,-4.631390219348669,-0.1932873576879501,-0.7760744690895081,0.1223932206630706,jumping
1761481519975710700,0.533473474168405,-7.435283856508136,-4.612837494570017,-0.5032164454460144,-0.8092954754829407,0.0977286249399185,jumping
1761481519995652600,1.0312639327980575,-6.189815593624115,-4.04230672083497,-0.8796305060386658,-0.1719223707914352,0.347324013710022,jumping
1761481520015595800,-0.6634663931943475,-4.227236587250233,-4.013459396535158,-0.9965720772743224,0.8233636617660522,0.2748804986476898,jumping
1761481520035537700,-0.13603864719728,-2.0238287171065807,-3.1295997554868458,-0.6479901075363159,1.150689721107483,0.1899274587631225,jumping
1761481520055480800,1.664120960456133,0.2726660175353289,-0.171248547065258,-0.1952415853738784,0.2739098370075226,0.4308232367038727,jumping
1761481520075422700,2.4220253404967487,1.0676596266508105,2.7650276076704263,-0.1505978554487228,-0.7833216786384583,0.6486688852310181,jumping
1761481520095364600,0.6859495162244885,2.048048966127634,3.162396109673381,-0.3603309094905853,-0.7623143792152405,0.575376033782959,jumping
1761481520115307500,-0.3457605894384905,3.278583279252052,2.247764898264408,-0.4273342788219452,0.2600650191307068,0.3968647122383117,jumping
1761481520135249700,-0.4506548691736534,4.218752252021432,1.837121904146671,-0.2414848059415817,1.2434800863265991,0.2147483378648758,jumping
1761481520155192600,-0.3807349817838519,5.14120728892386,2.8537720590502023,0.0687182024121284,1.5223617553710938,0.0234220996499061,jumping
1761481520175134700,0.2524192569888197,6.071016195720434,4.414985602739453,0.2729425132274627,1.1415458917617798,0.0427744276821613,jumping
1761481520195077600,0.5486517540778965,6.464869383078813,5.518668144407868,0.3383534550666809,0.6848536729812622,0.2195187360048294,jumping
1761481520215020500,0.0150208425917662,6.261986511343717,5.846276881486177,0.2659383416175842,0.4254156947135925,0.3355482220649719,jumping
1761481520234963700,-0.5985510726261883,5.597925805518031,5.040974059802293,0.2426708191633224,0.323842853307724,0.3624152541160583,jumping
1761481520254905600,-1.2850956321343778,5.003143218579888,3.821980546867848,0.3104939758777618,0.157877966761589,0.2554086148738861,jumping
1761481520274848800,-1.3971357650361955,4.182020896473527,2.724497444361448,0.4630484580993652,0.0285907573997974,0.1395273953676223,jumping
1761481520294790700,-1.4689419410966336,2.725331557098031,1.7426801179081202,0.6702311038970947,-0.1007862836122512,0.0123980985954403,jumping
1761481520314733800,-1.685768290249258,1.4381664252132176,1.1548767223328351,0.734898030757904,-0.3270975053310394,-0.1027581542730331,jumping
1761481520334675500,-0.2048672322190366,-1.04624975887537,0.1402934368312358,0.5612480640411377,-0.3390677869319916,-0.0369132943451404,jumping
1761481520354618600,0.7065704986445606,-3.2268729657590387,-0.7035469130396843,0.21277816593647,-0.5872148871421814,0.062632717192173,jumping
1761481520374560500,-1.30571391114071,-3.32760070039928,-2.230485262161493,0.0231094378978014,-1.518960952758789,-0.4026948511600494,jumping
1761481520394502700,-1.0175907967545093,-3.783187582615018,-4.420931943923235,0.0370220579206943,-1.820742130279541,-0.7496498823165894,jumping
1761481520414445600,1.67706928935647,-4.67825601541996,-6.1324009310096494,0.1765798181295395,-0.8296915292739868,-0.3349843919277191,jumping
1761481520434387700,2.307091385849565,-5.533833564835787,-7.651817067933082,0.6669843792915344,0.4084409773349762,0.1427314579486847,jumping
1761481520454330600,0.6418640715867281,-5.838678096920251,-7.16337654838562,0.9970064163208008,0.673987090587616,0.2228117287158966,jumping
1761481520474272800,-1.992666539993137,-6.728778678184748,-4.373073629683256,0.6170697212219238,0.3909049928188324,-0.224633514881134,jumping
1761481520494215700,-1.6513351286411284,-6.039984513118863,-2.1731752289652824,0.0658341720700264,0.0988175496459007,-0.4476021826267242,jumping
1761481520514157600,1.4607666718170047,-4.645372567471862,-2.117257526910305,0.0296570863574743,-0.1775866448879242,0.0622070468962192,jumping
1761481520534100500,0.0847518015470355,-2.894942273828387,-1.7257132010161875,-0.0498303286731243,0.1491889357566833,0.2976230978965759,jumping
1761481520554042600,-1.835174715601653,-2.012828599664569,0.1737298424869775,-0.5056388974189758,0.3100875318050384,0.2035691291093826,jumping
1761481520573985500,-1.8939171196885405,-0.7894213619410991,1.6872703653752803,-0.6166896224021912,1.158866286277771,-0.2393718659877777,jumping
1761481520593927700,-0.0089445366190746,1.870828358915448,3.611050562277436,-0.8031741380691528,0.6662614941596985,-0.0020256051793694,jumping
1761481520613870600,0.6363089947428554,3.221957721188664,3.580100128218531,-0.9195044040679932,0.2715480327606201,0.3536294996738434,jumping
1761481520633812700,-1.3235184479005635,4.407402015742659,2.869481084835529,-0.9664967060089112,0.3492531180381775,0.2984678447246551,jumping
1761481520653754600,-1.7230803682945668,4.90119850936532,2.6990362553685903,-0.8719593286514282,0.4877145290374756,0.1612793654203415,jumping
1761481520673697800,-0.7265846742779016,4.402695445486903,2.7972172281354664,-0.6167270541191101,0.7684248089790344,0.1494827270507812,jumping
1761481520693639700,-1.235105858823657,4.137228984066844,3.249155524715781,-0.2765379846096039,0.9361193180084229,-0.0933788195252418,jumping
1761481520713582800,-1.3625472667358816,4.592532373166084,4.057340623837709,0.0363835208117961,0.6454274654388428,-0.4043045341968536,jumping
1761481520733524500,-0.2558436602132394,5.762132617378234,4.075385399094224,0.5167774558067322,0.3259583413600921,-0.3152468502521515,jumping
1761481520753467600,0.9660863080319017,6.162172968938946,4.413385766327381,0.7636522650718689,0.0045125423930585,0.0684664398431778,jumping
1761481520773409500,0.3569483018744737,5.781370401811599,5.051749136316776,0.6408830285072327,-0.2659703493118286,0.1929326057434082,jumping
1761481520793352700,-0.5601188679771497,4.243372314015031,5.148624287182092,0.3754586577415466,-0.6083868145942688,-0.0154779022559523,jumping
1761481520813294600,-1.076031587546319,3.553658111494779,4.157105650925636,0.2825869023799896,-1.0679224729537964,-0.2610683739185333,jumping
1761481520833237800,0.5964827784521505,2.6485797413289545,1.4778537079572678,0.6955304145812988,-1.5840086936950684,-0.1464135348796844,jumping
1761481520853179600,2.627848795728385,-0.8633715642929076,-1.1292968753963708,1.1861461400985718,-1.3774645328521729,0.2722919881343841,jumping
1761481520873122800,-0.4410036455899477,-3.848609610596299,-2.0674200215518472,1.1380776166915894,-0.4069610834121704,-0.0563451834022998,jumping
1761481520893064700,-3.3047441409468647,-4.750403552263975,-1.4119669850736856,0.4777610898017883,-0.6805745959281921,-1.2004283666610718,jumping
1761481520913006600,-1.2992996601842344,-3.606858371284604,-3.072533467918634,0.088759995996952,-0.917978048324585,-1.7733381986618042,jumping
1761481520932949500,3.4101489274874326,-2.242771912282705,-5.941187454280257,0.3270279169082641,-0.1327014863491058,-0.9228171706199646,jumping
1761481520952891600,4.999387080916762,-3.881990486672521,-6.281352306070923,0.5984070301055908,0.6117837429046631,0.1206851527094841,jumping
1761481520972834600,1.788909954163432,-5.8210331346362825,-3.4485166520655155,0.1255185008049011,0.8500568270683289,0.4819357395172119,jumping
1761481520992776700,-1.4914000027507543,-7.893218763154745,-2.523635264798999,-0.3568521738052368,0.3084968626499176,0.0095016043633222,jumping
1761481521012719600,-0.6550527851141988,-7.272835286492109,-4.074098866415024,-0.2230380177497863,-0.5064753890037537,-0.3375924825668335,jumping
1761481521032661800,1.835629181370884,-7.241675593596696,-4.689361346802115,0.0415320768952369,-0.7909436225891113,0.2099751979112625,jumping
1761481521052604700,1.1924877833247185,-6.426294445490837,-3.4089509498745203,0.0756023824214935,-0.5139563679695129,0.865710973739624,jumping
1761481521072546800,-1.1340860093690457,-3.0332518433660267,-2.909382887113094,0.1984840035438537,0.6106364130973816,1.1976332664489746,jumping
1761481521092489700,-1.5849813727676867,1.3384732943177222,-2.1047627869963645,0.3738691508769989,1.4564212560653689,1.3768062591552734,jumping
1761481521112431600,-0.2655523861378431,1.191936579182744,1.6356261028558017,-0.0805141180753707,0.0933820977807045,1.1388603448867798,jumping
1761481521132374500,0.2258598426967859,1.878001027023792,3.892802388066053,-0.8633614182472229,-0.9852914214134216,0.6824733018875122,jumping
1761481521152316700,-0.1874083853580057,4.440543822365999,2.6783248912513256,-1.4823819398880005,-0.8087769150733948,0.2773899137973785,jumping
1761481521172258600,0.9872451236557216,5.566251733359694,1.710236230421066,-1.5633909702301023,0.2931209504604339,0.1857076734304428,jumping
1761481521192201700,1.2890937618598342,6.23570406909585,1.5775322258055209,-1.2388067245483398,0.8166218400001526,0.3091671466827392,jumping
1761481521212143600,0.7822172757811844,5.733558264800906,1.8359458461046216,-0.6160902380943298,0.8236039876937866,0.2304458618164062,jumping
1761481521232086800,-0.3989946419000625,5.413932927691937,3.046454439288377,-0.1366222649812698,0.352151870727539,-0.0564930848777294,jumping
1761481521252028700,-1.003601726629585,5.312262359243631,4.038574548569321,0.1021324396133422,0.1059504970908165,-0.3556577861309051,jumping
1761481521271971600,-0.6868222804710269,5.73692686445117,5.050441560849547,0.015767678618431,0.0571045204997062,-0.406976580619812,jumping
1761481521291913700,0.5570883046422154,4.906590139275789,5.135043505597114,-0.1268914192914962,0.050169214606285,-0.1798208206892013,jumping
1761481521311856600,-0.3769564861584454,3.107164636316895,4.6337195390790695,-0.2592106759548187,0.0245716013014316,-0.2350092530250549,jumping
1761481521331798500,-1.9300693601742385,1.8185978209406135,3.29940102635324,-0.1850345283746719,-0.0667707994580268,-0.6151755452156067,jumping
1761481521351741400,-1.4447685999572275,2.2783283788323403,2.198383319979906,0.0288699883967638,-0.6028993725776672,-0.724405825138092,jumping
1761481521371683600,1.5348708956867456,0.7848708590298891,1.01439506945312,0.2743562757968902,-0.7829315662384033,-0.347819834947586,jumping
1761481521391626500,1.338669693672657,-2.224304527699948,0.7231593760043382,0.0292810481041669,-0.3736474812030792,-0.1591290682554245,jumping
1761481521411568600,-1.451420751322806,-4.468396290409565,-0.1847895811617374,-0.4079375565052032,-0.1649747192859649,-0.5970566272735596,jumping
1761481521431510800,-1.9718423631511628,-3.337282136458158,-2.521556704959273,-0.2902879118919372,-0.9883219003677368,-1.3698699474334717,jumping
1761481521451453700,0.2238042618738487,-1.8655998106122016,-5.727047859993577,0.4055134057998657,-1.2341457605361938,-1.601238489151001,jumping
1761481521471395800,3.93738211902678,-2.028565682500601,-6.268969794359803,0.835483968257904,-0.4286936521530151,-0.8261348009109497,jumping
1761481521491338800,3.983341029386222,-3.2434640350759025,-4.660104272657633,0.7298392653465271,0.6350367069244385,-0.0269810296595096,jumping
1761481521511280600,0.8068336845129728,-4.384616767960787,-2.1945137850701806,0.0106615563854575,0.4057572185993194,-0.1052866131067276,jumping
1761481521531223600,0.6178378838330507,-5.153433733290433,-1.804314444044232,-0.6905823349952698,-0.7087182402610779,-0.3797115087509155,jumping
1761481521551165700,2.9861700664564967,-4.977452312484384,-3.328008112156391,-1.0826034545898438,-1.118418574333191,0.0679875910282135,jumping
1761481521571108600,3.461500052279234,-5.148248439607024,-4.75498211222589,-1.142574667930603,-0.734640896320343,0.8035389184951782,jumping
1761481521591050800,-0.0848064908763393,-5.195878205788135,-5.089799173247814,-0.8169533610343933,-0.4145239293575287,0.709798276424408,jumping
1761481521610993700,-2.5630785096541047,-3.982032577136159,-5.535360920533537,-0.0655825659632682,-0.0928188413381576,0.094755433499813,jumping
1761481521630935600,-1.378716018987447,-2.176948902285099,-3.729092419812083,0.3130009174346924,-0.1271341145038604,-0.0472360886633396,jumping
1761481521650878700,-0.6589345949836075,-0.9711182377845048,0.5045692320495844,-0.0864162594079971,-0.4652959108352661,0.0751175209879875,jumping
1761481521670820600,-0.2870644721787422,-0.636815556025505,3.5326515638232228,-0.7501720786094666,-0.2284772098064422,0.1070784777402877,jumping
1761481521690762500,-0.0756668335439637,0.4602081122756004,4.08031584123373,-1.2294340133666992,0.1458214372396469,0.1540153920650482,jumping
1761481521710705400,0.1081501397259533,1.9807512074023483,3.1713293577134607,-1.1425502300262451,0.0007380140013992,0.195886492729187,jumping
1761481521730647600,-0.0674959847111254,3.434229768037796,1.7114923679620029,-0.6688845157623291,-0.0178921613842248,0.192269966006279,jumping
1761481521750589700,-0.1231991306999698,4.112916965109109,0.7773544920504093,-0.0511691868305206,0.5355013608932495,0.173010841012001,jumping
1761481521770532600,-0.0421175968972034,3.97037370352447,1.4387451018840074,0.5563722252845764,1.0933759212493896,0.1198555827140808,jumping
1761481521790474800,-0.1888989161767065,3.857772575739026,3.001792290741205,1.084475040435791,1.138069748878479,0.0375938452780246,jumping
1761481521810417700,-0.4526294571822509,3.683872637382149,4.470578895145654,1.3773504495620728,0.8538548946380615,-0.0763326659798622,jumping
1761481521830359800,-0.4550573053836822,3.8879169541120526,5.56793807901144,1.3685890436172483,0.0621500946581363,-0.2896478176116943,jumping
1761481521850302700,-0.6807179722465574,4.190219400498271,5.777693759125471,1.0285505056381226,-0.47894948720932,-0.4428239464759826,jumping
1761481521870244900,-0.7831376054964959,4.546673708310723,3.993396267193555,0.7089465260505676,-0.4406286478042602,-0.4234102070331573,jumping
1761481521890187800,0.2736030426571145,4.217509558483958,0.947421135854721,0.8713400363922119,0.1353945583105087,-0.0348832160234451,jumping
1761481521910129700,2.003285549163073,1.2614438306510447,-0.7404927881211042,1.3899115324020386,0.5426614284515381,0.4429278373718261,jumping
1761481521930072600,-0.5657263691280037,-1.2548287964254616,1.0579308443188666,1.334526538848877,-0.2290248870849609,0.0637262761592865,jumping
1761481521950014500,-1.941411422921717,-2.6003227831602094,1.2014210313647984,0.9058667421340942,-1.312534213066101,-0.6364532709121704,jumping
1761481521969957600,0.4745353283137082,-2.715887436926365,-1.4489409172058103,0.2740967273712158,-1.1002575159072876,-0.5693092942237854,jumping
1761481521989899500,1.3799400078244506,-2.688234875369072,-4.7783156415402885,-0.1554512530565261,0.4639914333820343,-0.087628349661827,jumping
1761481522009841700,0.6043834685740992,-3.176946028551459,-6.130083301717042,0.0601808615028858,1.687660574913025,0.1207161322236061,jumping
1761481522029784600,1.6666352813646197,-5.487057200613617,-4.696289100238681,0.5331417918205261,1.7188808917999268,0.2763985097408294,jumping
1761481522049728500,1.1458192633911966,-7.502734759968519,-2.2315420777380464,0.6170963048934937,0.61517333984375,0.0155961932614445,jumping
1761481522069670700,0.9745059074614196,-7.9514464957177635,-1.5599807870239015,0.3636128306388855,-0.4793902337551117,-0.3030893206596374,jumping
1761481522089612800,2.8266464439764616,-7.339576580378413,-2.420992051926255,0.1142073422670364,-0.7965943813323975,-0.0729720145463943,jumping
1761481522109555700,1.9912312464930115,-5.791587844443321,-3.128109224668145,0.0784991905093193,-0.5510667562484741,0.1990256160497665,jumping
1761481522129497600,0.836998959543556,-3.2900416618555783,-3.6110967395067215,0.7230613231658936,-0.2992549538612366,0.4483553469181061,jumping
1761481522149440500,0.2142936888698488,-0.804403242495656,-2.97474003316462,1.537739634513855,-0.3781566619873047,0.5013941526412964,jumping
1761481522169382700,-0.8075566650252789,1.7050468450844287,-0.6690794107705355,1.389404058456421,0.1391372978687286,0.3248296082019806,jumping
1761481522189325600,-0.326843853653036,3.623661622047424,2.7271821534007787,0.3549324572086334,0.7717622518539429,0.271393746137619,jumping
1761481522209264600,0.5888807790158316,4.612891855105757,5.318047372385859,-0.8810793161392212,0.9519805312156676,0.3967703878879547,jumping
1761481522229207600,0.888022971272841,5.533278269040585,5.343389903435111,-1.5211410522460938,0.8082908391952515,0.5412524938583374,jumping
1761481522249149400,0.4328125942192971,5.051263398626446,4.039857574117184,-1.4550790786743164,0.5957367420196533,0.4502746164798736,jumping
1761481522269092600,-1.10438433326222,4.688246663558483,3.045790422421694,-1.05534827709198,0.5129228234291077,0.0007552255410701,jumping
1761481522289034500,-1.4454159579500556,4.679653022736311,2.6238182250380517,-0.488449364900589,0.3169406950473785,-0.4272408187389374,jumping
1761481522308977700,-0.2803879352905787,5.720839068481326,2.668738732260465,0.1277023404836654,-0.1016874983906745,-0.3826206028461456,jumping
1761481522328919300,0.9139943017449228,6.354492945605516,2.7326059320151805,0.6400612592697144,-0.4198191463947296,0.0429546758532524,jumping
1761481522348862500,0.693506653605774,5.531816964316368,3.162935038855672,0.9217491745948792,-0.5324081182479858,0.2387112379074096,jumping
1761481522368804400,-1.319158499125391,4.171431697919965,4.380905638483166,0.7160956859588623,-0.3643514215946197,-0.0910058468580246,jumping
1761481522388746500,-2.339703031118959,3.412254083073139,4.933040923827886,0.2358126044273376,-0.0876546800136566,-0.5606930255889893,jumping
1761481522408689400,-0.8578994164921343,3.3523867666095493,3.2972236823141574,0.0868609026074409,0.0177582446485757,-0.5922850370407104,jumping
1761481522428631600,0.2574667313704267,3.1640432923585173,0.4556523486673832,0.448984295129776,0.2506184577941894,-0.2433667182922363,jumping
1761481522448574500,0.7160429681278765,1.3669541233927012,-1.0382064454123376,1.0429463386535645,0.1098763197660446,0.0435087755322456,jumping
1761481522468516600,0.0707065807880833,-1.6802309682577847,-0.4435644359886646,1.1740005016326904,-0.1863272339105606,0.0264404229819774,jumping
1761481522488459500,-2.6457471482515333,-2.599057877790928,0.196810273823142,0.5112914443016052,-1.2904006242752075,-0.6657631397247314,jumping
1761481522508401400,-0.9143005912151188,-2.448663318184018,-2.37022661806792,-0.2405778616666793,-1.018821120262146,-0.7216980457305908,jumping
1761481522528344300,2.2860244862928987,-3.080370737415552,-5.064494636121392,-0.4003410935401916,0.2755207419395447,-0.0637318715453147,jumping
1761481522548286500,3.157171945284307,-5.056885330161452,-4.202116759040951,-0.2804270982742309,0.8340557217597961,0.4833349883556366,jumping
