ax_mean,ax_std,ax_var,ax_mad,ax_dom_freq,ax_spec_energy,ax_fft_top1_mag,ax_fft_top1_freq,ax_fft_top2_mag,ax_fft_top2_freq,ax_fft_top3_mag,ax_fft_top3_freq,ay_mean,ay_std,ay_var,ay_mad,ay_dom_freq,ay_spec_energy,ay_fft_top1_mag,ay_fft_top1_freq,ay_fft_top2_mag,ay_fft_top2_freq,ay_fft_top3_mag,ay_fft_top3_freq,az_mean,az_std,az_var,az_mad,az_dom_freq,az_spec_energy,az_fft_top1_mag,az_fft_top1_freq,az_fft_top2_mag,az_fft_top2_freq,az_fft_top3_mag,az_fft_top3_freq,gx_mean,gx_std,gx_var,gx_mad,gx_dom_freq,gx_spec_energy,gx_fft_top1_mag,gx_fft_top1_freq,gx_fft_top2_mag,gx_fft_top2_freq,gx_fft_top3_mag,gx_fft_top3_freq,gy_mean,gy_std,gy_var,gy_mad,gy_dom_freq,gy_spec_energy,gy_fft_top1_mag,gy_fft_top1_freq,gy_fft_top2_mag,gy_fft_top2_freq,gy_fft_top3_mag,gy_fft_top3_freq,gz_mean,gz_std,gz_var,gz_mad,gz_dom_freq,gz_spec_energy,gz_fft_top1_mag,gz_fft_top1_freq,gz_fft_top2_mag,gz_fft_top2_freq,gz_fft_top3_mag,gz_fft_top3_freq,acc_sma,acc_res_mean,acc_res_std,acc_res_var,acc_res_sma,acc_res_dom_freq,acc_res_spec_energy,acc_res_fft_top1_mag,acc_res_fft_top1_freq,acc_res_fft_top2_mag,acc_res_fft_top2_freq,acc_res_fft_top3_mag,acc_res_fft_top3_freq,gyro_sma,activity,start_time
0.3230781750748466,1.3020385878462708,0.9353720557083746,0.9375476315915617,-0.2245355603394291,-0.08707094001777466,0.8186180630554938,-0.2245355603394291,1.0646428980323968,-0.24196607475637655,1.3709592761243907,-0.20545795051812682,-0.7952079875940726,1.521678786482053,0.8236974790713935,0.9846633685682298,-0.5154091643386508,0.03577587678154765,0.7204933717572103,-0.5154091643386508,3.2067226517703666,-0.6371460796873643,4.310610781490912,-0.619070359490152,-3.5744316206598707,1.2343017423995906,0.5432616206415709,0.8720028955566017,-0.6113805109055909,-0.11402212079566013,0.46065624292207813,-0.6113805109055909,2.244670945783135,-0.8018037679018089,2.2928604597587356,-0.6617667426433372,0.20495124870667403,1.2010764110358256,0.7567471863949755,1.0074381592380182,-0.8351911773331728,0.2367568986172386,1.2261536002393356,-0.8351911773331728,1.1551689085300518,-0.5048405632871426,1.2604635456916269,-0.28310339515074945,-0.6801193794912719,1.7731115414284127,1.5970020905670617,1.3308094243766817,-0.5563344455935302,0.688153128103335,1.26103501171448,-0.5563344455935302,1.3261166285310493,1.434422536921942,1.5677374706454765,0.8310475073273212,-0.1621027563499478,1.1258938479506746,0.7953454812785942,0.7445063907610436,0.25299080678270836,0.46533966695762913,0.50941576619202,0.25299080678270836,0.8359784011822616,0.08806616363031095,1.1358699092111955,-0.1331857364309504,0.9243269443447938,0.9073133612917159,2.67271467392024,2.608194332823329,0.9073133612917159,-0.6280930341260017,1.9356315272233593,3.484072578302397,-0.6280930341260017,2.0395774948700884,-0.6812298214684314,2.0940933008482836,-0.3039875264097267,0.969639001741931,jumping,1761481512.6967065
-0.6702385000561117,2.083210934716076,2.2111790987465407,1.965953952277932,-0.2245355603394291,3.1466338728063437,1.9370289640331715,-0.2245355603394291,1.8029817723624029,0.8312705471469065,2.2285637474889812,-0.5697450968268624,1.8310095808694158,2.717049856035771,2.625361755185555,2.570082979999546,-0.5154091643386508,2.7393006974574394,2.751495370878366,-0.5154091643386508,1.810003411148901,-0.7095490432882011,2.464518823307673,-0.44419172686581526,1.5455817295838525,2.7043171639458743,2.6243715330198785,2.603430248321735,-0.5323907808144293,2.4513888802617694,2.744747857942502,-0.5323907808144293,2.519533725392612,-0.503956900181969,2.1594752752512587,-0.48576494938713055,-1.8992511334244861,2.4425367592653915,2.716105998003425,2.4407152719218774,-0.6018975523797726,2.9365035671778603,2.6269528927314103,-0.6018975523797726,3.3456326466712967,-0.7205843937517333,3.18918714629094,-0.35961782627257366,-0.5738159596076168,2.64399457445238,3.2370266879366216,2.4878492699825228,-0.3314013813373859,3.9412058153844294,1.9813459600203265,-0.3314013813373859,2.6111911517275357,-0.6497811492039567,2.476534936750495,-0.3537452729763954,-0.34346281468246626,1.7252555913402858,1.7522162429962196,1.6576051269166687,0.09287004299618407,3.1647201205751454,1.079390419674711,0.09287004299618407,1.9003364677289052,0.08806616363031095,2.370249805318616,-0.4068550578644101,2.552800639180696,2.546091748578601,3.1989479253765447,3.6531342489675307,2.546091748578601,0.04167441932589585,2.4418513062711424,2.6657536042948973,0.04167441932589585,3.8546996570950047,-0.6812298214684314,4.231330890434512,-0.9402404886626431,2.1196370131291262,jumping,1761481513.9730248
-0.4278657378176638,2.424715103931153,2.891933635923362,2.420639580320032,0.5129900028192796,3.892301834952874,1.908934229232684,0.5129900028192796,2.5439862968664677,0.34343571900905057,2.736983483390518,-0.7154599553503566,2.516387707642048,3.371903478153167,3.9591937417431433,3.4636128510365407,-0.5154091643386508,4.542676361532841,3.357677242010611,-0.5154091643386508,4.627078609100491,-0.6371460796873643,2.265615029552602,-0.619070359490152,3.138740442621351,3.5061384827133186,4.265165307617262,3.578302973709478,-0.5323907808144293,5.054146745585956,3.5723656643992348,-0.5323907808144293,3.9219136322258077,-0.8613731414457768,4.241169219053656,-0.3097631561309238,-0.822419607517094,2.385740498508117,2.6069860325613097,2.4348532279888717,-0.6018975523797726,2.3477718682722317,3.050448898586234,-0.6018975523797726,1.833880452950247,-0.7205843937517333,2.03597718690666,-0.8187044130035187,-0.31038138193868126,2.29775030236455,2.529353995281414,2.3393714192615205,-0.3314013813373859,2.444217151280179,1.5614956032458986,-0.3314013813373859,2.0952433035275644,-0.40458071554208624,2.4784542832203655,0.4925352843834022,-0.3461578623645527,1.5906991039464708,1.5160987179940448,1.7057177505795489,-0.3874922483633887,2.2593713602028793,0.5703732528666297,-0.3874922483633887,1.6429593264319213,0.08806616363031095,1.9746260652952585,0.5965991207249423,3.4639492963729692,3.476294110879376,3.0808358904342668,3.4049759729723803,3.476294110879376,0.04167441932589585,4.99958107799902,2.767409221605192,0.04167441932589585,3.466801814377422,-0.25393513058321454,3.039964274746657,-0.9402404886626431,2.0834718687909772,jumping,1761481515.249346
0.25857268373290054,2.3092364405958223,2.6533640137424856,2.2769092017371233,0.5129900028192796,1.4961964544514281,2.407531149754186,0.5129900028192796,1.5760241242889246,0.4410026846366218,1.8418318233992896,0.013114337267114478,-2.909845511922266,3.1011553185938325,3.3779535878167413,3.1993104916679775,-0.5154091643386508,2.841049227902065,3.2267474984320175,-0.5154091643386508,2.2380809973141904,-0.4923401524856906,3.0995921909697155,-0.7939489921144888,-1.684047002361716,3.102837219856879,3.3952620147317876,3.049333308745004,-0.5323907808144293,2.8202522421729794,3.1909984987541167,-0.5323907808144293,3.00869668224872,-0.503956900181969,2.7070161107108164,-0.837768535899544,1.3370163051104749,2.70624556295076,3.247227416360874,2.5984555615649683,-0.6018975523797726,2.5546123344916896,1.7801632876000606,-0.6018975523797726,2.547269501972328,-0.8284563089840288,2.5200668957940273,0.6350697783111408,-0.114681905423641,2.1982193554064318,2.339515867740679,2.2991054890887734,0.6433085637725726,1.7577333037699587,1.823822337667525,0.6433085637725726,1.982766332313085,0.2084203686125899,2.3832005046647486,0.15402306143948316,-0.286111920305681,1.4198004381209146,1.2339871562936813,1.4113096263554525,0.5732323343557568,1.1381226104322169,0.4347823799946205,0.5732323343557568,1.514766044096498,0.8219508605495689,1.4974611870365533,-0.4980781650088967,3.064878414593385,3.111465327008672,2.931740038016475,3.102978970161915,3.111465327008672,0.04167441932589585,2.5069547279164435,2.6630526611747176,0.04167441932589585,2.7992791172001232,-0.7422719201663194,3.0987194972076306,-0.3746822999933841,2.0477223980169685,jumping,1761481516.525664
0.8778043835370269,2.062802102141517,2.1728659558753027,2.1651840020791866,-0.2245355603394291,2.1631678162048855,1.4579973907256305,-0.2245355603394291,2.039272031877555,0.8312705471469065,1.6928372434521235,0.08597176652886158,1.9091887707381103,2.5457119696140578,2.3168957993987918,2.6608165952628915,-0.5154091643386508,2.3646599536918584,2.736176772753748,-0.5154091643386508,1.3459750694504882,-0.6371460796873643,0.9484173451165407,-0.26931309424147853,2.2115830493634023,2.4016294108927,2.0977739806593,2.464324037266368,-0.5323907808144293,1.9025467594543202,2.5404881565248796,-0.5323907808144293,1.4923500571914325,-0.503956900181969,1.6148665809659035,0.7462476034063165,-0.19441586162210892,2.910270253895808,3.685770944607237,3.0118960527348713,-0.6018975523797726,4.4523429812369475,2.506058416175962,-0.6018975523797726,2.5984673353381846,1.1132381651972887,2.650851668533846,-0.1300745329071011,0.47595461128376176,2.405218741220571,2.7411447043888746,2.592005318979497,-0.0314906289958602,3.0444637098178315,1.8813071907441001,-0.0314906289958602,2.3016955833349795,1.8022231874147479,2.4251343832663297,-0.7768855516562942,-0.18278673176033786,1.2785465444754924,1.0158286718701302,1.2472913173003786,-0.22737148457686446,1.5726518703249543,0.271201982382764,-0.22737148457686446,0.9035904682734808,0.9034936046517087,1.0550891013988548,0.14048358500250932,2.5675247057529016,2.582968208659886,1.9593881181887647,1.4416415001920284,2.582968208659886,0.04167441932589585,1.4074353719166441,2.2737643591252836,0.04167441932589585,0.9360329655495364,-0.25393513058321454,1.1336641400115317,0.12018111509221754,2.231905517901031,jumping,1761481517.8019826
0.9790647090214977,2.735041773848869,3.5754395968922434,2.8540226637311514,1.3324628507734004,2.8648346175861943,2.9748774318800315,1.3324628507734004,2.8027575814739047,1.2215384096571913,2.8369360135170556,-0.7154599553503566,0.4441864501894181,2.454289014538819,2.159180223551396,2.5687780590831477,-0.5154091643386508,1.863847848264335,2.6020243633317537,-0.5154091643386508,0.975164472306351,-0.6371460796873643,1.3288785328572394,-0.619070359490152,0.17916805783061243,2.269029791556681,1.8831072094450554,2.523975326096198,-0.5323907808144293,1.5669882926428167,2.5463913078372573,-0.5323907808144293,1.0776263996038493,-0.7422343943578409,1.3137474990884346,-0.573765846015234,-1.5917543428553464,1.974511788711379,1.8726342393778095,2.0792554606018463,-0.6018975523797726,1.5281539954764274,2.5274492014503798,-0.6018975523797726,1.2237003792814818,-0.18122481759025627,1.3561970636239276,0.022954329336547254,-0.9689481073348567,2.468327973079005,2.8688125990933226,2.650761250558067,1.0181970041994797,2.9798647072847335,2.7710980542033266,1.0181970041994797,3.0101178335367305,-0.40458071554208624,2.1799336954455866,0.4925352843834022,-0.45250530422898766,1.9090614393304355,2.0946850860610313,1.7158570103988282,-0.22737148457686446,1.5866499506355345,1.3808832105299051,-0.22737148457686446,1.6303148874010465,1.2296645810602678,2.109969319711994,-0.22440884357543697,2.6108130001942067,2.5430177100842397,1.6816263307891268,1.0652003125858933,2.5430177100842397,0.04167441932589585,1.417155316448623,1.935670087872802,0.04167441932589585,1.810645968342512,-0.25393513058321454,0.8543583856646628,-0.4453770735770415,2.059058995512484,jumping,1761481519.0783002
-1.1188163001720683,0.023869834654227356,-0.3076039603739717,-0.05149810908790392,-0.7162192691119016,-0.4425240816839341,0.0502034012309728,-0.7162192691119016,0.11154609715275068,-0.5346669716390902,0.2837695162084141,-0.5697450968268624,-0.019948118794631722,-0.20269659592168243,-0.33405520545532924,-0.2590760678988972,-0.6652374097859329,-0.3289197849680358,-0.27139441286218396,-0.6652374097859329,-0.13571646935859932,-0.781952006889038,-0.09776362382776368,-0.7939489921144888,0.2638110043318796,0.14456671859930068,-0.2251742508144866,-0.023338149103758653,-0.7693599710879142,-0.31052465018815184,-0.10209437196673243,-0.7693599710879142,0.37558442731280134,-0.8613731414457768,0.3412450371790213,-0.9257694325276473,-1.0511633158218388,0.5452361841836283,0.08191124148973188,0.32364005988746714,-0.951837989809873,-0.3438443361389182,0.2120738493840665,-0.951837989809873,0.4751118295296379,0.03451901287433453,0.5887962047184336,-0.8952188441253429,-1.3924050659404108,1.326992817854415,0.9368265591345744,0.8959595388583124,-0.4813567575081487,0.01595856068346848,1.3536093026341036,-0.4813567575081487,1.8353613048966002,-0.7723813660348919,1.6825397935071915,-1.0307697188642335,0.2381075542094025,0.7961461552586686,0.373251295247312,0.5391005185536712,-0.7077337759364373,-0.23595168160435775,0.6002810114997371,-0.7077337759364373,1.4911354275438962,-0.4827330450846674,1.7394459999721945,-0.4068550578644101,-0.1534980075232385,-0.14718999708971095,0.3003038907131534,-0.15916530695266323,-0.14718999708971095,-0.6280930341260017,-0.29383899691903814,0.30497340622696245,-0.6280930341260017,0.34831250331585256,-0.6812298214684314,0.2397670252852248,-0.23329275282606934,0.4776306089182148,standing,1761430026.8890562
-0.3223347761046259,-0.5200934346582636,-0.5185771428371004,-0.4991249619419527,-0.6342719843164895,-0.46889860341612466,-0.43810205637297506,-0.6342719843164895,-0.5781342243154752,-0.33953304038394777,-0.5221638745260242,-1.0068896723973448,0.16912742241297526,-0.42434774977902523,-0.3593990453122588,-0.4200454399813061,-0.5154091643386508,-0.33901018120434684,-0.3972976069345324,-0.5154091643386508,-0.43331096572611427,-0.20272829808234316,-0.4241688542119305,-0.9688276247388254,0.7823971039726477,-0.38664150227639843,-0.360743537740285,-0.374698619421573,-0.5323907808144293,-0.33192853771123015,-0.3376049870875177,-0.5323907808144293,-0.42293285171209316,-0.8613731414457768,-0.44647745832911695,1.62625656968735,0.5831149791196512,-0.48365512339014094,-0.47492618240544515,-0.47747084905353165,-1.0684848022865732,-0.45778018172259477,-0.48434897510707453,-1.0684848022865732,-0.49200055168175116,-0.9363282242163241,-0.46822767127450765,-0.7421899818816946,-0.707716737207536,-0.4058912558806676,-0.471078976627104,-0.3649667733797586,-0.706289821764293,-0.42305964340078345,-0.28819768361465015,-0.706289821764293,-0.30877117990608327,-0.40458071554208624,-0.40298157389339606,-0.1844891615044359,-0.15832874247146603,-0.5520936695479839,-0.5820741814291094,-0.5377019988648912,-0.22737148457686446,-0.5876095805095606,-0.4770598337844353,-0.22737148457686446,-0.5751220727893153,-0.5642757891868072,-0.49637739882026133,-0.4068550578644101,-0.4234601686817968,-0.4235002396669689,-0.40046789213278267,-0.3679432778007577,-0.4235002396669689,-0.40483721630870256,-0.3545479343411439,-0.39831276296709284,-0.40483721630870256,-0.38651946462902875,-0.498103525374767,-0.37092670605728406,-0.9402404886626431,-0.47713441623739833,standing,1761430028.1655111
-0.08247033192946007,-0.6527664483568173,-0.5412309596934658,-0.628643207236879,-0.3884301299302532,-0.49232621059335613,-0.6597583364655423,-0.3884301299302532,-0.6651403594477906,-0.9249348341493749,-0.6381143217629779,-0.5697450968268624,0.4005757451632045,-0.4608179613221595,-0.36087434431881155,-0.4451544972586189,-0.4404950416150097,-0.33965202204857586,-0.42461487266990827,-0.4404950416150097,-0.48142004582818554,0.15928651992184106,-0.49247762305484427,1.304594599377552,0.46801898173973744,-0.4526117120572292,-0.366644024412022,-0.4403981688623567,-0.5323907808144293,-0.3359153937062347,-0.41619541775645735,-0.5323907808144293,-0.48122117209954407,0.5087224500654864,-0.4799952933513349,-0.837768535899544,0.032252586147397795,-0.676688837487166,-0.5111065603348156,-0.6556419730179399,1.96433232210763,-0.47372569992664826,-0.655065198143029,1.96433232210763,-0.6972874275634816,1.0053662499649931,-0.6832694410535496,-0.4361322573943978,-0.142071545979335,-0.6251381442519007,-0.5181273016442874,-0.6103574583833089,-0.4063790694227673,-0.45993483064085655,-0.6382452108636554,-0.4063790694227673,-0.6340312430213493,-0.281980498711151,-0.6254866421727312,-0.861513607392274,-0.1887959307173718,-0.7159346222501501,-0.6137931896757551,-0.7053412785185652,-0.7077337759364373,-0.6263344154980751,-0.5759309167636852,-0.7077337759364373,-0.7575091020507227,-0.23810481277824813,-0.7863425821679181,-0.041962629286463826,-0.4762954214633304,-0.47798146163844607,-0.4629975326145853,-0.3730831985854811,-0.47798146163844607,-0.6280930341260017,-0.35811022779006796,-0.4601396260119133,-0.6280930341260017,-0.44615349529749343,-0.37601932797899074,-0.4302218898455898,0.402960209426847,-0.6775946633500147,standing,1761430029.4419641
-0.14281244895696515,-0.6790519383067503,-0.5443786003569193,-0.6653880712580914,-0.4703774147256653,-0.49937468373400007,-0.6753646765797641,-0.4703774147256653,-0.6622006848691342,-0.9249348341493749,-0.6744577649737977,-0.351172809041621,0.2790158509212905,-0.4631540364640936,-0.3609428931928818,-0.44713650465689203,0.5333885537923246,-0.339967926674531,-0.42711534457336636,0.5333885537923246,-0.48903528206398134,0.5213013379260253,-0.4944192884060819,-0.1818737779293102,0.5094717212236656,-0.48538912365192766,-0.3686772350914298,-0.46763886491946216,1.1263935510999648,-0.3389741403669691,-0.4298488039664524,1.1263935510999648,-0.4934469199654818,0.09173683525771067,-0.5439418637303536,-0.6617667426433372,0.3915841378315569,-0.7123183722157719,-0.515425854031673,-0.6931673534386817,1.1478046347707291,-0.4798773283164471,-0.6873522828334372,1.1478046347707291,-0.7175865732983325,0.681750504268107,-0.7012435466001682,-0.6656755507598704,-0.3296551086444879,-0.6737609995243272,-0.5245723084040343,-0.6631145255276735,-0.6313121336789116,-0.4676020094640428,-0.7041238538291371,-0.6313121336789116,-0.6784291272082923,2.1700238379075536,-0.6929354274481625,0.7464194515913415,-0.22986974366653784,-0.7336420126219833,-0.6161264148782716,-0.7239422574960824,-0.7077337759364373,-0.6323503677933285,-0.6129935878719684,-0.7077337759364373,-0.7744700568706648,-0.15656206867610836,-0.752737498003085,-0.6805243792978699,-0.49173221980660525,-0.49385492406134124,-0.4968496731058614,-0.3749437158552635,-0.49385492406134124,-0.2560000044305031,-0.36129945035777217,-0.4682176227056358,-0.2560000044305031,-0.4749512084984736,-0.37601932797899074,-0.466089719058086,0.402960209426847,-0.71434228367927,standing,1761430030.7184172
-0.20006125530126845,-0.7052199819447719,-0.5470717833003289,-0.6931751136285264,-0.3884301299302532,-0.4968424353438112,-0.767735221148484,-0.3884301299302532,-0.6931220991788349,-0.9249348341493749,-0.6918309536017099,-0.6426025260886095,0.26273327272680524,-0.46330699666031294,-0.3609472726124006,-0.44759681467483564,0.23373206289776022,-0.33972612822763154,-0.4282860820823643,0.23373206289776022,-0.47889881072200646,0.08688355632100421,-0.491090225875825,-0.7065096758023204,0.6405908099258131,-0.4589288993330152,-0.3670822843606005,-0.4403368104903865,-0.4534010507232677,-0.3374016207815247,-0.4118383357664745,-0.4534010507232677,-0.4764211839117011,-0.623095647269905,-0.47017983258579366,-0.573765846015234,0.43399474015852385,-0.695726586818495,-0.5135059172986315,-0.6720956712209991,1.1478046347707291,-0.47378821978646435,-0.6590922300283621,1.1478046347707291,-0.7293207872394204,-0.2890967328225517,-0.7392974797604518,0.32901205382384396,-0.3184647534475108,-0.6215408429851687,-0.5175929431186967,-0.6092002302324157,-0.706289821764293,-0.45629110018122265,-0.6760976864770799,-0.706289821764293,-0.6468414686863951,-0.40458071554208624,-0.6310739064255307,-0.861513607392274,-0.25409235887614345,-0.7279391085532839,-0.6153982840820162,-0.7101260016888298,-0.7077337759364373,-0.6260607155564359,-0.5942711858971634,-0.7077337759364373,-0.7316856666057916,-0.4827330450846674,-0.7896087219234469,-0.041962629286463826,-0.48303250582498103,-0.48175185458562847,-0.48375321069005467,-0.3743007569594017,-0.48175185458562847,-0.2560000044305031,-0.3608404936055624,-0.46262114511274194,-0.2560000044305031,-0.4615566516444791,-0.7422719201663194,-0.46044217833487966,1.1806027188470782,-0.6848375698331013,standing,1761430031.9948723
-0.023540995409440522,-0.5068023163904135,-0.5156852468350865,-0.55982750890071,-0.5523246995210774,-0.49174405521429887,-0.5855732429767248,-0.5523246995210774,-0.4654307705673917,-0.43710000601151894,-0.5043851781582714,-0.7154599553503566,0.18745687598090005,-0.45011420668404994,-0.3605203032275148,-0.43746403936304334,-0.5154091643386508,-0.33983462895423777,-0.424098547834084,-0.5154091643386508,-0.4612961362046694,0.3764954107243516,-0.46469857119166674,-0.7939489921144888,0.4857972427357729,-0.4035611154251667,-0.36248722878248,-0.3917627224346575,-0.3744113206321061,-0.3352452306542333,-0.37887769676892336,-0.3744113206321061,-0.45018928825253307,-0.7422343943578409,-0.4204227964037258,0.21824222363769633,-0.057752870120674794,-0.3189917862354891,-0.42701069786755524,-0.3878211680167306,0.33127694743382835,-0.4480147451458346,-0.3563987845062728,0.33127694743382835,-0.33685144240594195,0.35813475857122073,-0.35841022565498826,-0.4361322573943978,-0.5003983739394414,-0.37873685678388325,-0.46320270243171535,-0.452433362919771,-0.5563344455935302,-0.4577834625615545,-0.45628515393464286,-0.5563344455935302,-0.3854194179879836,-0.40458071554208624,-0.38435002638467824,-1.0307697188642335,-0.24202248968628018,-0.5435244172107145,-0.579912031885731,-0.5683491261323801,0.09287004299618407,-0.6200235630996588,-0.529705326395926,0.09287004299618407,-0.5374999152042973,-0.4827330450846674,-0.5272243047054652,-0.22440884357543697,-0.4446074819463542,-0.4414391563229096,-0.40852989211940305,-0.36873007676021485,-0.4414391563229096,-0.553674428186902,-0.35620164970720436,-0.3912224477809136,-0.553674428186902,-0.33678572144390234,-0.7422719201663194,-0.4268673093572067,-0.7281561679116709,-0.49430143711824714,standing,1761430033.2713206
-0.25438160241344987,-0.44023030666472485,-0.49949461675170476,-0.44942031803676735,-0.4703774147256653,-0.42413858631164614,-0.5180418480030363,-0.4703774147256653,-0.4326664776508634,-0.5346669716390902,-0.4304418390387621,-0.7154599553503566,0.0660301786016993,-0.42448488202911244,-0.3594060188641788,-0.41591540365976665,0.15881794017411913,-0.3373134476025193,-0.4115567104718774,0.15881794017411913,-0.42725261148859073,0.014480592720167369,-0.4343880657184364,0.25532280363153165,0.5444741522868742,-0.3700873036221742,-0.35888368672420934,-0.37670224630010973,-0.4534010507232677,-0.3283412466385728,-0.38822959068905954,-0.4534010507232677,-0.36460829444108483,-0.3252487795500651,-0.34626260555582916,0.21824222363769633,-0.5558851312629751,-0.15777904975624063,-0.36488929366246003,-0.21885956670695844,0.33127694743382835,-0.3423507884229991,-0.24478484775221193,0.33127694743382835,-0.22994789460923348,-0.07335290235796088,-0.1674588600556556,0.17598319158019562,0.06986560352167641,-0.20904391369581252,-0.40375196527087653,-0.2461780282432268,-0.4813567575081487,-0.24852454622912046,-0.2583622288608521,-0.4813567575081487,-0.18476714131037775,-0.7723813660348919,-0.16885281095867896,-0.861513607392274,-0.3139553855563437,-0.47811612956189253,-0.5617605976930667,-0.4921758124087081,0.09287004299618407,-0.5150470564380386,-0.5084840968104691,0.09287004299618407,-0.49112131545820265,-0.3196475568803879,-0.4486422912840323,-0.5893012721533832,-0.41606102653847604,-0.4145596511523775,-0.36900662915098237,-0.36452143517155733,-0.4145596511523775,-0.6280930341260017,-0.3504212681487105,-0.39579422244914264,-0.6280930341260017,-0.39359113456697536,-0.6201877227705432,-0.36558391370850685,-0.6574613943280135,-0.3342194155443294,standing,1761430034.5477724
-0.35503625933999144,-0.6044964888620072,-0.5342960650064595,-0.6186792121560968,-0.8801138387027257,-0.49347327161158955,-0.7299340713549557,-0.8801138387027257,-0.648761368226509,-0.24196607475637655,-0.6009409221378693,-0.8611748138738508,-0.08624877738876323,-0.43465827504622107,-0.3598933375448496,-0.4354177862605338,0.15881794017411913,-0.3389613557855964,-0.41111874649836105,0.15881794017411913,-0.4157927510154696,0.014480592720167369,-0.46531562565146717,0.4302014362558684,0.17168609369173812,-0.41246226572435984,-0.3633407594787761,-0.4293087219819218,1.2053832811911263,-0.32918126470111525,-0.41327534300572977,1.2053832811911263,-0.4441087805467443,0.33001432943358255,-0.45338759058250855,0.5702458101501098,-0.25266112326549833,-0.38974089339044016,-0.44952169145385185,-0.5103016780646213,-0.4852507399030725,-0.34658840916720324,-0.5411628583952852,-0.4852507399030725,-0.4465804267360703,-0.07335290235796088,-0.401005730340923,0.17598319158019562,0.22802914164344204,-0.3745210326270678,-0.46193937657151635,-0.4047644159015296,-0.706289821764293,-0.3983025381008974,-0.4022399909297083,-0.706289821764293,-0.3871735764249453,0.08582015178165465,-0.4086081458319096,-0.523001384448355,-0.28959282673840925,-0.6197058808658743,-0.5973795160513264,-0.6282984872212739,-0.547613012149913,-0.6280317078609533,-0.5688880020156728,-0.547613012149913,-0.5815812054089021,-0.5642757891868072,-0.5946750315095358,-0.6805243792978699,-0.46791833285675277,-0.4685922843528414,-0.3748423752460421,-0.36519841684671506,-0.4685922843528414,-0.6280930341260017,-0.34334249683285817,-0.39182752142786775,-0.6280930341260017,-0.339034547038544,-0.6812298214684314,-0.35989494905399966,-0.5160718471606989,-0.5451084349770042,standing,1761430035.8242233
-0.12780611666530486,-0.7538403056102736,-0.5509090600630797,-0.7454248811179541,0.5949372876146917,-0.5031075376963821,-0.8085174150736997,0.5949372876146917,-0.7597364063122819,0.050734822126337016,-0.7348949591153267,-1.0068896723973448,-0.18645400679441318,-0.47820828054278114,-0.36130969759354525,-0.4716382331926461,-0.5903232870622919,-0.34043816005075733,-0.4381016621567166,-0.5903232870622919,-0.5129186721558479,-0.13032533448150632,-0.5294308222098599,2.1789877624992355,-0.48819585559441186,-0.5117150951432891,-0.3698783483481677,-0.5156788896365755,-0.4534010507232677,-0.34039695241615964,-0.45773438568387687,-0.4534010507232677,-0.5788827666724616,-0.20611003246212917,-0.5641048000697094,0.3062431202657997,0.32877023992465787,-0.7437650712258727,-0.5186273804101155,-0.7324066184794433,-0.018663489996272018,-0.4814576569400034,-0.7376527941929157,-0.018663489996272018,-0.7790158993249985,-1.0442001394486196,-0.7838532051175987,-0.053560101785276926,-0.33412493043795566,-0.67502244150568,-0.5247202415677886,-0.7475968495336535,-0.706289821764293,-0.4751978659409835,-0.7331492492279998,-0.706289821764293,-0.7078581717706066,-0.40458071554208624,-0.6967394419944022,-0.6076294401843347,-0.20593455530748747,-0.7314536922550178,-0.6158496356412868,-0.7136346430309294,-0.8678545397229614,-0.6318114702653378,-0.62119765450105,-0.8678545397229614,-0.7009033987215919,-0.5642757891868072,-0.7378044732976377,-0.31563195071992356,-0.525840593062014,-0.5260660979258659,-0.4898811876896729,-0.374613673150922,-0.5260660979258659,-0.553674428186902,-0.36241166684685555,-0.4762134546327557,-0.553674428186902,-0.4749583175451338,-0.19289303188532642,-0.46207892418216634,-0.5160718471606989,-0.7480653747792887,standing,1761430037.1006742
-0.1341278467352628,-0.7567010429944261,-0.5510875868751379,-0.7455502620486534,0.5949372876146917,-0.5027152512319705,-0.7902147872368428,0.5949372876146917,-0.7592278383048917,0.050734822126337016,-0.7334157607385458,-1.0068896723973448,-0.15849557696993027,-0.4922420444817777,-0.36153478344324724,-0.47532400764290395,-0.6652374097859329,-0.3403455847178217,-0.43637098095458926,-0.6652374097859329,-0.5155007366448425,-0.781952006889038,-0.5405099481700486,-0.7065096758023204,-0.5865214095720945,-0.5488480554207306,-0.3709184209684129,-0.528581959158507,0.02053732982370202,-0.34054164968577333,-0.461009388627839,0.02053732982370202,-0.6064779501484925,2.4745117770164295,-0.5989057790639165,-0.573765846015234,0.2768909905414145,-0.7764328999548155,-0.5213468342164644,-0.7483599727675329,0.2146301349571282,-0.4842881447611525,-0.7442512777906556,0.2146301349571282,-0.783857098246174,-0.18122481759025627,-0.7720444941757449,-0.4361322573943978,-0.21278024570504883,-0.7985769108102789,-0.5344867375399907,-0.7897286995756463,-0.3314013813373859,-0.4751446430472957,-0.7708585415768378,-0.3314013813373859,-0.7671227942737698,-0.8949815828658272,-0.7695912149975106,-0.523001384448355,-0.287365547820763,-0.7379013582434616,-0.6166557847009255,-0.725971783898652,-0.547613012149913,-0.6278768717775819,-0.6289325047324187,-0.547613012149913,-0.7409042039623215,-0.645818533288947,-0.7098861131623029,-0.5893012721533832,-0.533551381533869,-0.5340358060495909,-0.5414795463719891,-0.37640665358057845,-0.5340358060495909,-0.4792558222478023,-0.3625529452330224,-0.4962657603103407,-0.4792558222478023,-0.5136250460607632,2.8592119030090792,-0.5122362607752806,-0.5867666207443563,-0.7790807205179043,standing,1761507819.4900312
-0.1620769133874763,-0.7726611182072641,-0.551987213395766,-0.7595447922716536,-0.06064099074860494,-0.5040477768445082,-0.8232417679397582,-0.06064099074860494,-0.7625415461425301,0.8312705471469065,-0.7442225011945567,0.30454405431410286,-0.13962386212250802,-0.4960736381280273,-0.36157664284791663,-0.47841286194190086,-0.5903232870622919,-0.3404528895141112,-0.43945056999094584,-0.5903232870622919,-0.5232803022498503,-0.781952006889038,-0.5413593838370421,-0.09443446161714183,-0.5889766135688314,-0.5552187881875104,-0.3710199287594685,-0.5354604371567863,0.02053732982370202,-0.340545839055814,-0.4652957717214759,0.02053732982370202,-0.6120887987686575,2.4745117770164295,-0.605328927781251,0.21824222363769633,0.27462082487242434,-0.8080455549366169,-0.5233901236970201,-0.7758400426314682,0.2146301349571282,-0.4844718123089033,-0.7821535421895182,0.2146301349571282,-0.8080466318556612,-1.0442001394486196,-0.7995591945496215,-0.2065889640289253,-0.19762444425030654,-0.8093554051818543,-0.5348952891642259,-0.7999673526974517,-0.706289821764293,-0.4760104948215867,-0.7865065798614067,-0.706289821764293,-0.7827705269433924,-0.1593802818802158,-0.7836573915433901,-0.9461416631282538,-0.2935820783233191,-0.8022696231359202,-0.6231512828412709,-0.7917713607478403,0.09287004299618407,-0.64046971941985,-0.687666775507756,0.09287004299618407,-0.8109182678561854,-0.645818533288947,-0.7898956892591065,-0.4980781650088967,-0.5370964924881502,-0.5386721112864133,-0.5462389985137955,-0.3764962303389977,-0.5386721112864133,-0.40483721630870256,-0.3625226597614648,-0.5019821744432001,-0.40483721630870256,-0.5152277092105929,-0.43706142667687886,-0.5167886084026706,3.230751152773142,-0.8109682012244814,standing,1761507820.7799902
-0.20219411633097448,-0.7841765445584696,-0.5525347942196668,-0.7711619442685078,0.5949372876146917,-0.5044238681951425,-0.8363322854983493,0.5949372876146917,-0.7772305997706845,1.12397144402962,-0.758445693420856,-0.7883173846121037,-0.17760264146258017,-0.500860240052235,-0.3616171269083662,-0.48308391894021946,-0.5903232870622919,-0.34047179826940954,-0.44028018216045733,-0.5903232870622919,-0.5249479628902514,-0.7095490432882011,-0.5527401932023209,-0.5316310431779836,-0.5888500733713289,-0.5555826120934535,-0.37102504559555316,-0.5359512549728849,0.02053732982370202,-0.34060566405613457,-0.46289072939000236,0.02053732982370202,-0.6138498346129085,-0.444387526638001,-0.6124260380546305,-0.3977640527590272,0.45999339431590475,-0.8207155860753824,-0.5240466147240844,-0.7921297311394743,0.2146301349571282,-0.4851734885538525,-0.7788438538749484,0.2146301349571282,-0.8223647259457917,0.03451901287433453,-0.8268544536961672,-0.7421899818816946,-0.21153171590504116,-0.8124992069177476,-0.535001047889038,-0.8036855389798323,-0.706289821764293,-0.4759327203928495,-0.781501546870818,-0.706289821764293,-0.8003268545665573,-0.036780065049280566,-0.800398237503658,1.1695597302712404,-0.2929998072644385,-0.8164619616647342,-0.6242037266070045,-0.8077040153675328,-0.0672507207903402,-0.6396523170646721,-0.6842951144356211,-0.0672507207903402,-0.821403859135628,-0.40119030098252767,-0.7982985994141795,-0.6805243792978699,-0.5401564678733375,-0.541193943827095,-0.5475437638218728,-0.3765185508674511,-0.541193943827095,0.1905116312040953,-0.3626747985967717,-0.5009051525744094,0.1905116312040953,-0.5130606552318756,-0.13185093318743832,-0.5103283375223509,-0.7281561679116709,-0.8210006089803942,standing,1761507822.0699468
-0.22556263345415964,-0.7906610314081269,-0.5528056950476072,-0.7806228727967222,0.840779142000928,-0.5045415429263271,-0.8274468593668685,0.840779142000928,-0.7824200266898572,-0.7298009028942325,-0.7660484143137323,0.30454405431410286,-0.17621526748159197,-0.5022804075238285,-0.3616266151301427,-0.4841426088058842,0.833045044686889,-0.3404819039257629,-0.44235315925625623,0.833045044686889,-0.5279380574264279,-0.8543549704898747,-0.5504334140154623,-0.44419172686581526,-0.5971044768493953,-0.5582915796559611,-0.37106083399827816,-0.5387993559815862,-0.0584524002674596,-0.340589258720977,-0.4680240371058047,-0.0584524002674596,-0.6109237821686283,-0.3252487795500651,-0.6054724876019726,-0.1337613628747171,0.4131816647477273,-0.8301377634235937,-0.5244745544946572,-0.802957511785262,0.33127694743382835,-0.48605393515900364,-0.795790899672314,0.33127694743382835,-0.8327937357309957,0.03451901287433453,-0.828201923999344,0.48204091606749233,-0.16979544288044707,-0.8164224075132842,-0.5351245345648645,-0.8116892120054274,0.6433085637725726,-0.47605080853021536,-0.805785138219934,0.6433085637725726,-0.794825112759179,-0.5271809323730214,-0.7975828311806871,-0.861513607392274,-0.31280839786179016,-0.8514959398607347,-0.6262143456808994,-0.84539856692715,-0.7077337759364373,-0.643683522924069,-0.721865063942738,-0.7077337759364373,-0.8768148339325386,-0.4827330450846674,-0.8683126566495091,-0.31563195071992356,-0.5417550390329645,-0.5423713807442097,-0.5509813041759312,-0.37657274935730944,-0.5423713807442097,0.11609302526499558,-0.3626485305016051,-0.5027090887879155,0.11609302526499558,-0.5150358451949757,-0.25393513058321454,-0.5157220183375953,-0.16259797924241196,-0.8366671083451784,standing,1761507823.3599048
-0.2817562257250382,-0.7777809237853689,-0.5522411759185571,-0.7693171307540765,0.7588318572055158,-0.5042843759794751,-0.8141779382496752,0.7588318572055158,-0.7557672796799656,0.7337035815193353,-0.7550141321560148,-0.9340322431355979,-0.16759674490387635,-0.4989816335263697,-0.36160280186808635,-0.4812332511114363,-0.5154091643386508,-0.34046651936159417,-0.44006231580621674,-0.5154091643386508,-0.5246671303969336,0.666107265127699,-0.5436705579285778,-1.0562669410509937,-0.5771405899443487,-0.556848538498059,-0.37104227694519454,-0.5366558460062633,-0.0584524002674596,-0.34056688571824006,-0.46553852033474713,-0.0584524002674596,-0.6036405454055583,-0.26567940600609713,-0.6027991578366445,-0.3977640527590272,0.30225516328321306,-0.8092123435771562,-0.5234544661265814,-0.779583939780897,0.44792375991052846,-0.4849245142365053,-0.7781014155464347,0.44792375991052846,-0.80921369431087,0.03451901287433453,-0.815238197726859,-0.5891611196380462,-0.22569191317196366,-0.8117536754248411,-0.5349765155178656,-0.8035060406798024,-0.5563344455935302,-0.4759109271667253,-0.7917265184781428,-0.5563344455935302,-0.7882076172255067,-0.8949815828658272,-0.7852249355987196,-0.9461416631282538,-0.2692087403000437,-0.8151088084526203,-0.6241092994214756,-0.8061937028288626,-0.22737148457686446,-0.6411611901080836,-0.680484558963432,-0.22737148457686446,-0.82680357920888,-0.4827330450846674,-0.8041649762111707,-0.6805243792978699,-0.5404976182673127,-0.5412512687346215,-0.5497617984134551,-0.3765542863056181,-0.5412512687346215,-0.032744186613203885,-0.3626615416458147,-0.5024851063213791,-0.032744186613203885,-0.5159599142351997,-0.13185093318743832,-0.5145337444613444,-0.021208432075097212,-0.8185302568413038,standing,1761507824.6498637
-0.29446054728678167,-0.7721728390726578,-0.5519621142544269,-0.7638139949599375,0.840779142000928,-0.5036582869413373,-0.811793436522722,0.840779142000928,-0.7404563540551854,0.7337035815193353,-0.7501290703565725,-0.20545795051812682,-0.1815470503261828,-0.49833656066267024,-0.3615974169454833,-0.4807963478549815,-0.5903232870622919,-0.34044656113574606,-0.4390307219646886,-0.5903232870622919,-0.5255556759005612,-0.057922370880669476,-0.5444420102564842,0.8673980178167102,-0.5997074075542869,-0.5517936494855912,-0.3709681550338201,-0.5312081134793258,-0.0584524002674596,-0.34053152237334827,-0.46420335940679924,-0.0584524002674596,-0.6033572604914198,-0.3252487795500651,-0.6008723576001728,0.3062431202657997,0.2436039856842646,-0.7995664510395674,-0.522898865089351,-0.7676442720227727,0.0979833224804281,-0.48362868636660483,-0.7695833814830608,0.0979833224804281,-0.7902107904081083,0.25026284333892534,-0.7979240182019298,0.48204091606749233,-0.21190915383716774,-0.8149907420355504,-0.5350805639250884,-0.8067980573466819,-0.706289821764293,-0.4761768088451527,-0.7955663912658835,-0.706289821764293,-0.7858483014242208,-0.6497811492039567,-0.7975390179438234,0.4925352843834022,-0.29468735686520964,-0.8021427665996054,-0.6231412570495731,-0.7848827002442481,-0.547613012149913,-0.6362332033206113,-0.6776958193490906,-0.547613012149913,-0.8112443978480274,-0.645818533288947,-0.7831164254031143,-0.4068550578644101,-0.5387333563894988,-0.5390731808319933,-0.5443493765678878,-0.3764621987487467,-0.5390731808319933,0.264930237143195,-0.36257109528999304,-0.49913589876377495,0.264930237143195,-0.5118908487365139,-0.13185093318743832,-0.5123800021230396,-0.7281561679116709,-0.8086132206345252,standing,1761507825.939821
-0.18142564623012358,-0.5507032091416019,-0.5248061007237872,-0.515032328739648,-0.6342719843164895,-0.47751816101733013,-0.4688799769399995,-0.6342719843164895,-0.5672430029709388,-0.24196607475637655,-0.5938507282087042,-0.13260052125637972,-0.5100021669463177,-0.44014243084259136,-0.3601314552905777,-0.4293598727599121,0.38356030834504246,-0.3394227842291554,-0.4112491627772379,0.38356030834504246,-0.4423366690778677,0.014480592720167369,-0.4506581407536089,0.08044417100719489,0.6589379229441981,-0.44781161664063557,-0.3662962008933498,-0.4283461084955791,0.4154859802795101,-0.33701049938942707,-0.41563036471538733,0.4154859802795101,-0.45761084372238625,0.032167461713742705,-0.4655871012363264,0.6582467067782132,0.9643511003389251,-0.6411599734067991,-0.5060675143115311,-0.6184337331776919,0.7978641973406289,-0.4691138653995928,-0.6499248465474853,0.7978641973406289,-0.6282757122124281,1.0053662499649931,-0.6324827262755788,-0.6656755507598704,-0.1620489238077636,-0.550041660078636,-0.5053276980522458,-0.511532911476549,0.6433085637725726,-0.4455791913459349,-0.5202578264173908,0.6433085637725726,-0.5188995890527798,-0.6497811492039567,-0.5308157276757749,-1.0307697188642335,-0.23185868922926167,-0.6255694395922624,-0.5985601167258269,-0.6083878770477683,-0.7077337759364373,-0.6192096075548307,-0.5359384187415871,-0.7077337759364373,-0.6058441661510849,-0.23810481277824813,-0.5858769460297616,-0.6805243792978699,-0.4496352538681519,-0.4523509526157568,-0.46939548297401884,-0.3734844733873099,-0.4523509526157568,0.264930237143195,-0.3597618437330948,-0.4620101691025375,0.264930237143195,-0.46417692192838395,0.35648585639566654,-0.45297123512031057,0.1908758886758749,-0.5988974906768666,still,1761430231.8667374
-0.2655825555334786,-0.6042561656203496,-0.5342577975599039,-0.5842434728295848,-0.6342719843164895,-0.48743341821967673,-0.6594035883126099,-0.6342719843164895,-0.5676636183792606,-0.5346669716390902,-0.5813816168150292,-0.351172809041621,-0.5247130983172611,-0.4547084032021021,-0.36068029725782125,-0.44296702711936087,0.15881794017411913,-0.33931701645736045,-0.42320250981641344,0.15881794017411913,-0.4718371560330597,0.30409244712351474,-0.4716554536926813,-0.26931309424147853,0.5406562388713797,-0.46668122944868506,-0.3675898318997267,-0.45127657979344843,0.652455170552995,-0.33691672897672154,-0.4336703706213239,0.652455170552995,-0.5187599139646454,-0.623095647269905,-0.4977425541590476,1.09825118991873,0.42183408262657823,-0.6514486593770585,-0.5076019397469235,-0.6235763124882837,1.84768550963093,-0.46327109618191714,-0.6891380958948569,1.84768550963093,-0.6959904019495733,-0.9363282242163241,-0.6807470444996513,-0.8952188441253429,-0.2983454922966908,-0.5974953243683181,-0.5138175475526396,-0.5718102974831724,0.5683308756871912,-0.45329184254253324,-0.5758538471843851,0.5683308756871912,-0.5487731276821064,1.6796229705838126,-0.5107314920934098,0.4925352843834022,-0.25985316503646216,-0.6417728921441389,-0.601700831239781,-0.6341517971516414,-0.8678545397229614,-0.6002264716098105,-0.5589661609466342,-0.8678545397229614,-0.5994914487703354,-0.5642757891868072,-0.566091232326178,-0.31563195071992356,-0.47227549201817626,-0.4756402966497743,-0.4729749644433849,-0.3736988822838776,-0.4756402966497743,-0.6280930341260017,-0.3588427647385856,-0.4516233704259938,-0.6280930341260017,-0.47270647144007594,-0.07080883448955021,-0.4619199441676365,-0.5867666207443563,-0.6334797566530523,still,1761430233.143118
-0.061702369176240744,-0.6409525794361458,-0.5396718573542497,-0.6322894721599696,-0.4703774147256653,-0.48641511424171785,-0.6509271098766654,-0.4703774147256653,-0.6306381804758492,-0.24196607475637655,-0.6397549643013372,0.013114337267114478,-0.6382821894645763,-0.4666507453818358,-0.36103966088930567,-0.4521731087996424,0.23373206289776022,-0.33988431223760696,-0.4268688217486086,0.23373206289776022,-0.4717079683924725,-0.4199371888848537,-0.4935425743448271,-0.3567524105536469,0.58026268393658,-0.4871082997779181,-0.3687674146852681,-0.46853415497138967,-0.21643186044978283,-0.338612770479184,-0.4304076550508928,-0.21643186044978283,-0.5174310229909489,0.3895837029775505,-0.5225842375688385,-0.04576046624661375,-0.1288378411886193,-0.6649366466685985,-0.5095206511738458,-0.637492571321402,-1.0684848022865732,-0.47419617955291415,-0.6209139430530123,-1.0684848022865732,-0.7048281502233721,1.7604696565910611,-0.708815452416057,0.9411275027984375,-0.26962472097449103,-0.6499406754050828,-0.5215958451020705,-0.6346105029955854,0.9432193161140983,-0.46422139657259887,-0.6698908002114966,0.9432193161140983,-0.645485625771183,1.5570227537528774,-0.6527927173682068,0.4925352843834022,-0.2888359484309295,-0.7207577005914857,-0.6144498695560862,-0.705373903576826,0.09287004299618407,-0.6289898322008821,-0.6339517200697806,0.09287004299618407,-0.7227835679320747,-0.40119030098252767,-0.6956339409079975,-0.6805243792978699,-0.48559253777440536,-0.48908638249901026,-0.4924006696068481,-0.374736169288326,-0.48908638249901026,-0.18158139849140334,-0.3605319293247183,-0.4706301319304427,-0.18158139849140334,-0.469553799698712,-0.25393513058321454,-0.47482463357398935,-0.0919032056587546,-0.6803153502356698,still,1761430234.4194982
-0.18070047193768685,-0.5703404096586072,-0.5284856060112192,-0.562853226897062,-0.4703774147256653,-0.4907515709261853,-0.659306628869188,-0.4703774147256653,-0.5869351909914275,-0.5346669716390902,-0.5926893443052808,-0.20545795051812682,-0.46215947502042865,-0.4556679879598437,-0.36071218948017497,-0.44360995296875744,-0.4404950416150097,-0.3396751009952461,-0.4246544471056049,-0.4404950416150097,-0.4748532485372066,0.15928651992184106,-0.48517906410629824,0.3427621199437,0.5800218755094938,-0.4772017566718343,-0.3682252512709714,-0.46461250222396905,-0.1374421303586212,-0.3380788706705421,-0.4352178279525584,-0.1374421303586212,-0.5163353908892975,0.33001432943358255,-0.5070968795587805,-0.573765846015234,0.2232379769355296,-0.6097519240946876,-0.5010042484860884,-0.6014813370314867,-1.0684848022865732,-0.46110792388262095,-0.595904020966021,-1.0684848022865732,-0.6578579294475779,-0.6127124785194379,-0.6496316584616814,-0.4361322573943978,-0.04976547908878318,-0.6193080252503389,-0.5172572839582544,-0.623851015199047,-0.706289821764293,-0.4647593819438991,-0.6772464342891286,-0.706289821764293,-0.6433620098726371,1.924823404245683,-0.6228654537231231,0.6617913958553617,-0.28790687280114613,-0.7121512938240819,-0.6132669861789857,-0.7016086087957946,0.09287004299618407,-0.6315302906219481,-0.64220960613677,0.09287004299618407,-0.7304907334787573,-0.23810481277824813,-0.6820340868607305,-0.6805243792978699,-0.4766849489423525,-0.4790393889233656,-0.46679502789984634,-0.37332416568930965,-0.4790393889233656,-0.4792558222478023,-0.3590221626749906,-0.46178396873520994,-0.4792558222478023,-0.4476305496517,-0.498103525374767,-0.4372336392840185,-0.16259797924241196,-0.6647543215514956,still,1761430235.6958785
-0.13924593310883948,-0.5624017960951343,-0.5270279114679827,-0.5641110245998742,-0.3884301299302532,-0.48278819419216823,-0.7064392333459589,-0.3884301299302532,-0.6168719548626965,-0.43710000601151894,-0.5717564957219057,-0.351172809041621,-0.27556037625881674,-0.4471510923260598,-0.360410701842002,-0.4352570060078766,-0.5154091643386508,-0.3395508584919583,-0.4248136634672019,-0.5154091643386508,-0.4645139475927995,0.3764954107243516,-0.4748820342253201,0.7799587015045418,0.5361902266218334,-0.4430267287265526,-0.365936748447979,-0.4402059264444053,0.7314449006441566,-0.33383878466109995,-0.42157931035641555,0.7314449006441566,-0.4946939646657454,0.2108755823456466,-0.474852520658613,0.39424401689390304,0.7218113211846234,-0.47532416436954206,-0.4728790213041917,-0.4858920347809977,-0.6018975523797726,-0.4171580180928109,-0.5728855383546506,-0.6018975523797726,-0.49586938632411576,1.221110080429584,-0.46278731746374324,-0.7421899818816946,-0.028072363164005333,-0.5870666303570474,-0.5120700251401928,-0.5986833069661196,1.4680631327117684,-0.453355472741661,-0.6438795261041695,1.4680631327117684,-0.6091787392103885,-0.8949815828658272,-0.6335792513561392,0.915675563063301,-0.36349711971274473,-0.7139475435203855,-0.6135180328266097,-0.7015975788290986,-0.22737148457686446,-0.6275687195875089,-0.6473380114509407,-0.22737148457686446,-0.715746863017141,-0.40119030098252767,-0.7086222902079771,-0.1331857364309504,-0.46421627351444633,-0.46498244999390276,-0.43461169889798795,-0.37102380783371647,-0.46498244999390276,-0.4792558222478023,-0.3534425142239029,-0.43192548904586003,-0.4792558222478023,-0.4247161889205965,-0.43706142667687886,-0.40875424180810055,-0.021208432075097212,-0.6085444972351781,still,1761430236.9722583
-0.0712390272447482,-0.3694103850206682,-0.47914902594451614,-0.4966279282129502,-0.6342719843164895,-0.41658723856035007,-0.44151943326780435,-0.6342719843164895,-0.36444756877966383,-0.5346669716390902,-0.4270566613903089,-0.4240302383033681,-0.1921825550890658,-0.3771255569266775,-0.35635747947959423,-0.41051273674384897,0.4584744310686835,-0.3348100556204681,-0.40264300565945327,0.4584744310686835,-0.38574365872816907,-0.27513126168318003,-0.37243931032443905,0.5176407525680368,0.6798081409893614,-0.3413951371464153,-0.3552997796585302,-0.36787604823413717,-0.29542159054094447,-0.32725421597817106,-0.36980652962075417,-0.29542159054094447,-0.35325280330049136,-0.444387526638001,-0.33064399186790133,-0.3977640527590272,0.34505024643567356,-0.047719114287739,-0.3138350452588335,-0.20477435568450972,-0.3686039274263724,-0.29632514692443,-0.25215795780934275,-0.3686039274263724,-0.07711403490291144,-0.2890967328225517,-0.0046571611406166944,-0.2065889640289253,-0.399770004354964,-0.33694116653122025,-0.4501970407351271,-0.43089670768778215,-0.2564236932520045,-0.38228273467206114,-0.4569524917978589,-0.2564236932520045,-0.38333756983776457,-0.6497811492039567,-0.34036023490467604,-0.6076294401843347,-0.27759964568395623,-0.415178872708967,-0.5415438349473966,-0.5280192917067081,-0.22737148457686446,-0.5171857144401187,-0.39539581545603764,-0.22737148457686446,-0.45732746451182477,-0.23810481277824813,-0.44746631468281167,-0.041962629286463826,-0.41334101728585365,-0.4121024941374792,-0.2446363282861381,-0.34551701216315334,-0.4121024941374792,-0.4792558222478023,-0.3254635501170142,-0.2841711017393128,-0.4792558222478023,-0.1924813930328842,-0.7422719201663194,-0.10921394613569885,-0.8695457150789857,-0.4166142710239145,still,1761430238.2486353
-0.13062270929620037,-0.3918616978445935,-0.4859473976623998,-0.5342428942698937,-0.5523246995210774,-0.4756799252909592,-0.4928630991390055,-0.5523246995210774,-0.4189569166388176,-0.6322339372666613,-0.44136744485706764,-0.4968876675651152,-0.16796745476963204,-0.3799958485203575,-0.35657879530703457,-0.41817930341278176,0.6832167992396069,-0.33823813995836766,-0.4009779370151022,0.6832167992396069,-0.39643575335315756,0.4488983743251885,-0.3807420632440133,-0.3567524105536469,0.4540232075348272,-0.3488912066811529,-0.35628021021345807,-0.37554886493392325,-0.3744113206321061,-0.33191584224704057,-0.366331086490393,-0.3744113206321061,-0.2976401157545378,-0.503956900181969,-0.3513580197319834,-0.3977640527590272,-0.0463798100978643,-0.08492831979806859,-0.3318803371744785,-0.2906399624178867,-0.25195711494967227,-0.3917689629113717,-0.26664366039152815,-0.25195711494967227,-0.07750792361894354,-0.6127124785194379,-0.04739250453089536,-0.2065889640289253,-0.26689783615490836,-0.28143696590185774,-0.431271659440008,-0.3675014547543947,-0.2564236932520045,-0.4247167869958773,-0.4126547651670283,-0.2564236932520045,-0.33886143878657626,-0.7723813660348919,-0.26819717242269103,-1.0307697188642335,-0.26571496585063237,-0.42006752786016516,-0.5432108212598148,-0.5425009972000793,-0.0672507207903402,-0.5943332280917171,-0.45492260206507895,-0.0672507207903402,-0.4152013655252955,-0.40119030098252767,-0.3315296701303693,-0.31563195071992356,-0.42846146893264225,-0.42574792037619347,-0.2420443711153487,-0.34502794218775074,-0.42574792037619347,-0.553674428186902,-0.34567852004066535,-0.24002230080880188,-0.553674428186902,-0.1753508519335,-0.7422719201663194,-0.16969981306870163,-0.7988509414953283,-0.4259151122544844,still,1761430239.5250134
-0.3208503139723839,-0.7268953219833529,-0.5489698596190787,-0.7338183760298839,-0.9620611234981378,-0.5037082359427066,-0.7899190340710082,-0.9620611234981378,-0.7386789119140059,-0.43710000601151894,-0.7124566709400872,-0.4968876675651152,-0.06376172512429706,-0.4727536181725556,-0.3611917810447368,-0.4685717629402754,0.6832167992396069,-0.34024288903448463,-0.42985486040002563,0.6832167992396069,-0.4910049870115439,-0.4923401524856906,-0.4988386403760291,0.605080068880205,-0.2498386383269078,-0.48039796324533035,-0.36840612619176066,-0.4827702312391237,1.284373011282288,-0.33956705309056007,-0.4397405486483824,1.284373011282288,-0.5234405347582028,0.5087224500654864,-0.5221844406095955,-1.1017712257838541,0.04898835484311657,-0.6292361498834281,-0.5042125475476177,-0.6774974999448,-0.6018975523797726,-0.4710126927242204,-0.626184313749832,-0.6018975523797726,-0.6111613060750306,-0.7205843937517333,-0.6645909033482958,-0.512646688516222,-0.05664277329427081,-0.5643692422351683,-0.5080363793262698,-0.6205057666274617,-0.6313121336789116,-0.45801872900912005,-0.5491266484103368,-0.6313121336789116,-0.5457341223426226,-0.8949815828658272,-0.5131896625342367,-0.861513607392274,-0.318777539994848,-0.7849972337225365,-0.621685343207263,-0.7940402082753033,-0.3874922483633887,-0.6392250909183995,-0.6904776646154428,-0.3874922483633887,-0.8038441028574655,-0.3196475568803879,-0.7816307331728757,-0.6805243792978699,-0.5178332054135059,-0.5135726986465775,-0.4626899320034323,-0.3730633231527412,-0.5135726986465775,-0.6280930341260017,-0.3603768915354859,-0.3995690649228556,-0.6280930341260017,-0.4360022691072848,-0.6812298214684314,-0.4607970484033437,-0.021208432075097212,-0.742160944459735,still,1761430240.8013902
-0.5537567588472918,-0.84035212737324,-0.5539860130101367,-0.8320813153862899,0.5949372876146917,-0.5058776818140085,-0.8815731136376702,0.5949372876146917,-0.8276705707907269,1.9045071690501896,-0.8132634045638892,2.708839219951757,0.04363865315206442,-0.510166380609945,-0.361658293983378,-0.4911080939201838,1.6571003946469411,-0.34051236742241575,-0.44539574912584134,1.6571003946469411,-0.5398183177790332,3.489822845560336,-0.5631501352528353,2.441305711435741,-0.6793825804007231,-0.5757188118975146,-0.37119365710429536,-0.5545603150130773,0.3364962501883485,-0.34072853734437936,-0.4767741410565613,0.3364962501883485,-0.6377638655388241,2.4149424034724616,-0.6306673781611756,3.6502771921337276,0.31504174968421306,-0.8976788614486498,-0.5260371845133264,-0.8738316164162625,-0.6018975523797726,-0.4873232733721356,-0.8532252749929712,-0.6018975523797726,-0.9064778076160249,2.9470607241463105,-0.9074679323398841,2.1653584007476243,-0.18840860367933676,-0.8594119153609378,-0.535860007332729,-0.8536091811132813,2.7426838301632523,-0.4767704576452622,-0.8383783734827426,2.7426838301632523,-0.8347166244283862,-0.40458071554208624,-0.8393599094613077,1.5927000089511392,-0.2838518346250237,-0.9091573988643505,-0.6277032135632895,-0.8961225865499522,2.0143192084344754,-0.644742869818985,-0.7556396450072089,2.0143192084344754,-0.9415435861253999,-0.0750193245739686,-0.9360478712496685,4.701638942226838,-0.5517924061017274,-0.5468783252121057,-0.5700099704564554,-0.37675194605503326,-0.5468783252121057,0.4881860549604942,-0.36288953475349756,-0.5138369033394807,0.4881860549604942,-0.5330646165561094,2.798169804311191,-0.5349314537872287,2.877277284854855,-0.8939378643047614,still,1761509333.2508466
-0.5439882358085015,-0.8414372689471799,-0.5539941101321206,-0.8336810406263248,1.5783047051596366,-0.505874838803073,-0.8835638161970829,1.5783047051596366,-0.8277491774116922,0.4410026846366218,-0.8133386892595232,0.30454405431410286,0.06126406948743923,-0.5102594133496793,-0.36165845521570417,-0.49120179276890996,1.6571003946469411,-0.3405130140871245,-0.4456082017240763,1.6571003946469411,-0.5395488738691266,2.4761813551486203,-0.5630974481629476,-0.44419172686581526,-0.6776280941948217,-0.5766456874414791,-0.3711959990990213,-0.555613311466495,0.3364962501883485,-0.3407288857832329,-0.4768782952487827,0.3364962501883485,-0.6378709760187687,2.4745117770164295,-0.6312361019250182,0.13024132700959298,0.3198859256214447,-0.8974257012532545,-0.5260362592579871,-0.873476730494714,-0.25195711494967227,-0.4873228947688786,-0.8529602174568525,-0.25195711494967227,-0.9059644345522043,1.5447258261264702,-0.9065731836196798,0.17598319158019562,-0.1882111322884224,-0.859941058210689,-0.5358620074232476,-0.8545706799805955,0.7932639399433354,-0.4767709739662603,-0.8385881899952566,0.7932639399433354,-0.8355191797854175,-0.40458071554208624,-0.8400054009032288,1.677328064687119,-0.2834081947209452,-0.9097187629332896,-0.6277065770581356,-0.8968429371223425,2.0143192084344754,-0.6447498517600998,-0.7562772882130909,2.0143192084344754,-0.943473972369133,4.165203368737299,-0.9365034091756922,1.508830192169808,-0.551958892877314,-0.5469755894684808,-0.5713175399352561,-0.3767567444726241,-0.5469755894684808,0.4881860549604942,-0.36289053137049754,-0.5137702048259816,0.4881860549604942,-0.5330535875226673,2.8592119030090792,-0.5356849240142753,0.04948634150856016,-0.8943330953090284,still,1761509334.540939
-0.5322482532271939,-0.8402412015579025,-0.5539851427345857,-0.8325174283636553,2.8075139770908177,-0.5058664103662627,-0.8820465070357049,2.8075139770908177,-0.8259286203262065,3.270444687836186,-0.8136850672315429,2.1259797858577802,0.0737575471359883,-0.5105282505754222,-0.3616588932814319,-0.4914195460373725,3.904524076356174,-0.3405132218231752,-0.4457215521528551,3.904524076356174,-0.5395883573894553,-0.20272829808234316,-0.5639535062237415,-0.7065096758023204,-0.6842094579710515,-0.577302859279408,-0.3711973706531024,-0.5560807593076071,3.8120443741994596,-0.34073088270025736,-0.4775168150899116,3.8120443741994596,-0.6397403383749884,1.9383874151207177,-0.6326728185653994,-0.1337613628747171,0.3133029596393635,-0.8975557640142832,-0.5260367392494896,-0.8735998255711055,-0.25195711494967227,-0.48732449934940586,-0.8522524627106708,-0.25195711494967227,-0.9058219841328398,0.03451901287433453,-0.907795241903556,0.9411275027984375,-0.18988702103636879,-0.85990316778647,-0.5358618699031974,-0.8544700373666775,-0.6313121336789116,-0.4767720434737079,-0.8384180404632082,-0.6313121336789116,-0.8353304358593717,-0.6497811492039567,-0.8401488278204348,2.1004683433670177,-0.2831821169697594,-0.9096821800807796,-0.6277063644049747,-0.8971611550558113,2.0143192084344754,-0.6447521905797279,-0.7565713986643937,2.0143192084344754,-0.9445110528993648,4.165203368737299,-0.9376140650943631,2.4210612636146736,-0.5517048998289138,-0.5466982358047684,-0.5722869751784461,-0.37675967816834277,-0.5466982358047684,3.7626047162808822,-0.3628955005003148,-0.5150182094226172,3.7626047162808822,-0.5348721612586742,0.2954437576977785,-0.5370989945131819,-0.16259797924241196,-0.8944806142493837,still,1761509335.8310225
-0.5156722198351373,-0.839477956978437,-0.5539789405810372,-0.8313555629176185,1.6602519899550487,-0.5058687877350422,-0.8819725480386958,1.6602519899550487,-0.8273132647669059,-1.022501799776946,-0.8131355282976392,3.3645560833074812,0.06382063218978802,-0.5105485135296959,-0.3616589246226763,-0.4914431624428164,2.7058981127779167,-0.34051330673237473,-0.44574084240014666,2.7058981127779167,-0.5398609671889458,-0.7095490432882011,-0.5635848420184585,-0.26931309424147853,-0.6865171668061982,-0.5770647129822204,-0.37119690132858096,-0.5557530952368434,2.074270312193904,-0.3407294259698694,-0.47723674218238615,2.074270312193904,-0.6386357458841629,0.032167461713742705,-0.6317610144105343,3.298273605621314,0.311866880010145,-0.8973501624404107,-0.5260359759884732,-0.8734532235650773,3.364094071828031,-0.4873226170846165,-0.8529787243480975,3.364094071828031,-0.9061523205288798,0.35813475857122073,-0.9070674631843235,3.8486758854277565,-0.19108751278062217,-0.8597750984305702,-0.5358613985769283,-0.8541654568346115,3.717393775273211,-0.4767714210777627,-0.839387125094518,3.717393775273211,-0.835839154464219,-0.6497811492039567,-0.8402128505038828,1.3388158417432,-0.28252116921811415,-0.9090336754247343,-0.6277024433886641,-0.8966506663248931,2.0143192084344754,-0.6447506603957915,-0.7565649962441274,2.0143192084344754,-0.9426218214059378,0.9034936046517087,-0.9377642051719174,1.8737226207477542,-0.551863894110369,-0.5466374936240836,-0.5719339457696215,-0.3767586713353707,-0.5466374936240836,0.7114418727777935,-0.36289196264984197,-0.5144956634986904,0.7114418727777935,-0.5339634630278118,1.5162857316555407,-0.5360478378018182,2.5944981905202256,-0.8941879512016162,still,1761509337.1211112
-0.4960733991099933,-0.8407958316754496,-0.5539894151632209,-0.8324947424724194,0.1852008636376313,-0.5058761255981308,-0.8815826884352247,0.1852008636376313,-0.8257986944635685,1.4166723409123336,-0.8127539875818868,2.2716946443812747,0.046936942439801545,-0.5107199366354588,-0.36165918036107664,-0.49161771010138783,1.4323580264760178,-0.3405135471889609,-0.44576704058145783,1.4323580264760178,-0.5398978166453606,2.548584318749457,-0.5632004480287189,2.0915484461870673,-0.6850438360162481,-0.5771331336364682,-0.3711970393914458,-0.5559828969590489,2.074270312193904,-0.34072953160617153,-0.47698079661922144,2.074270312193904,-0.638449727678732,1.8788180415767497,-0.6316463508760479,2.330263742712177,0.318464390710007,-0.8970150973936002,-0.5260346796673391,-0.8732304915863178,1.7310386971542298,-0.4873209181246453,-0.852706378219486,1.7310386971542298,-0.9060011705411827,3.054932639378606,-0.9067829135938199,3.0070171430876904,-0.18899896698663496,-0.8596108969437838,-0.5358607795775102,-0.8540213316052366,2.292817701650964,-0.47677204537136963,-0.8390447491808911,2.292817701650964,-0.8354900954515062,2.292624054738489,-0.8399043766655768,3.793029458086613,-0.2822539830036172,-0.9102737644701154,-0.6277096914162695,-0.8976902634527562,2.1744399722209993,-0.6447493248096534,-0.7573396205307212,2.1744399722209993,-0.9432370724994469,0.8219508605495689,-0.9380940432078047,1.8737226207477542,-0.5524043780185043,-0.5467754241888613,-0.5720504214099446,-0.37675901130864226,-0.5467754241888613,2.1253953856206884,-0.3628920705545093,-0.5139839090455802,2.1253953856206884,-0.5337354036191532,2.248790916030198,-0.536135188280006,1.8168556810999945,-0.8943247260020091,still,1761509338.4111984
-0.4934451668973604,-0.8416412910876642,-0.5539955481189334,-0.8334078010096128,1.5783047051596366,-0.5058816102083769,-0.881961877695589,1.5783047051596366,-0.8285697464058409,2.78260985969833,-0.8145484171475689,1.9802649273342863,0.042092744583638736,-0.5107901262156695,-0.36165928021920773,-0.4916078729761661,1.4323580264760178,-0.3405135336426741,-0.44574816359073316,1.4323580264760178,-0.5400896477306716,1.7521517191402518,-0.5636008529698138,3.0533809256209192,-0.6709078024798885,-0.5765075115294583,-0.37119568021224536,-0.5552762645092997,3.33810599365249,-0.34072813920695433,-0.47636486499543623,3.33810599365249,-0.6383812454345799,2.057526162208654,-0.63162464317144,0.3062431202657997,0.3195890877379638,-0.8969625555584085,-0.5260344704938882,-0.8731519795442872,1.7310386971542298,-0.4873215655088285,-0.8524808582682414,1.7310386971542298,-0.9062634385022865,2.299829232752538,-0.907056782183884,2.6244449874785696,-0.18886864083202098,-0.8595968232099743,-0.5358607257545551,-0.8540108014905485,2.5177507659071083,-0.476770227414643,-0.8392721875968427,2.5177507659071083,-0.8357528791996969,2.292624054738489,-0.8401038236723543,0.915675563063301,-0.28322497406378777,-0.9105181130300333,-0.6277109960426793,-0.8979217416203071,2.0143192084344754,-0.6447657699322947,-0.7571291862101194,2.0143192084344754,-0.9452960425545657,-0.23810481277824813,-0.9385552515181409,0.5053760135804556,-0.5529662234398947,-0.5473797636042007,-0.5711428462102957,-0.37675615932780343,-0.5473797636042007,3.316093080646284,-0.3628883894692064,-0.5129061946661672,3.316093080646284,-0.533563516970917,2.4319172121238624,-0.5360183562358047,0.1908758886758749,-0.8943637674371003,still,1761509339.7012842
-0.5025567396943641,-0.8413360061978373,-0.5539933864944273,-0.8330312440253738,3.6269868250449386,-0.5058789483274169,-0.8820182942323145,3.6269868250449386,-0.8263463830779769,2.002074134677761,-0.8137316036856425,1.907407498072539,0.04400575773793731,-0.5095025145244707,-0.36165699961836806,-0.4912822395854828,1.8818427628178644,-0.3405134672520698,-0.44545570299536597,1.8818427628178644,-0.539379315771056,2.983002100354478,-0.5624816472950356,2.791062976684414,-0.6368980115387162,-0.5700037860255914,-0.3711686798494286,-0.5534814808451315,-0.6113805109055909,-0.3407290844326845,-0.47552538438571373,-0.6113805109055909,-0.6335118357200159,0.33001432943358255,-0.6263658597164375,-0.6617667426433372,0.3291721601803428,-0.8859199513243793,-0.5259550372392339,-0.8705822991196792,-0.951837989809873,-0.48731846065917084,-0.8484410230365891,-0.951837989809873,-0.8997159767134034,-0.7205843937517333,-0.9004725518409452,0.022954329336547254,-0.18243332507289187,-0.8475345842524225,-0.5357699823718202,-0.851107443028351,-0.4063790694227673,-0.4767706288905265,-0.8334318260096759,-0.4063790694227673,-0.8288344456836729,-0.281980498711151,-0.8331587498264621,0.8310475073273212,-0.2838391118639143,-0.9099771951085045,-0.6277080533375924,-0.8973553593375473,2.0143192084344754,-0.6447488236280752,-0.7571968255582171,2.0143192084344754,-0.9445873075306813,0.9850363487538484,-0.9381364771288933,0.5053760135804556,-0.5530904603068177,-0.5478102985353904,-0.5707438158603608,-0.3767547580552763,-0.5478102985353904,3.316093080646284,-0.362891204311928,-0.5131643962146962,3.316093080646284,-0.5335398852780122,1.4552436329576526,-0.5354827303638329,2.877277284854855,-0.8925452071736377,still,1761509340.9913695
-3.557447715833187,1.143027813079899,0.7236424671419854,1.2274476177072722,-0.8801138387027257,0.06896056892462979,1.5920603614450095,-0.8801138387027257,2.148955231859465,-1.022501799776946,0.9639788672162921,-0.7883173846121037,-2.0683378637181287,-0.07508462938683645,-0.30670540956873055,-0.0825393331031678,-0.5903232870622919,-0.287369121846242,-0.24548589373315363,-0.5903232870622919,0.10598218454876633,-0.781952006889038,0.2001413649587999,-1.0562669410509937,0.9311484056752686,0.14315440873781757,-0.22574238435748248,0.1590012594613815,-0.6113805109055909,-0.18942324721779258,0.12236345960196603,-0.6113805109055909,0.24354615195549167,-0.8018037679018089,0.1908164833240908,-0.9257694325276473,-1.236228176618442,0.3500773341442537,-0.0708167887787249,0.32759577637786147,-0.7185443648564728,-0.06373390989792779,0.011580427642082268,-0.7185443648564728,0.26992267003388,0.681750504268107,0.40522577633731194,-0.8187044130035187,0.9412546474615847,0.7782115610251773,0.29194530238539523,0.6864599132292623,-0.706289821764293,-0.09395871859791213,1.109579007733502,-0.706289821764293,1.1315486382796682,-0.7723813660348919,1.3901434577037606,-0.6076294401843347,1.713064107156925,2.2479131178192553,2.786353707898368,2.0638879947965494,-0.8678545397229614,1.4649801473926125,2.5954063387097035,-0.8678545397229614,2.955644154646334,-0.5642757891868072,2.29426033972821,-0.4980781650088967,0.16361135530883225,0.162115679535433,-0.03382025357192538,-0.2933323800767795,0.162115679535433,-0.4792558222478023,-0.24595387271970937,-0.10905464048716934,-0.4792558222478023,-0.09031488336300952,-0.009766735791662097,-0.016984649724316632,-0.5160718471606989,0.9562750956947772,walking,1761432101.9852605
2.224883732503629,0.8888199798814982,0.4188565991617277,0.978603016899593,-0.8801138387027257,0.6006389486339578,0.9628261353323458,-0.8801138387027257,1.0413656854530127,-0.7298009028942325,1.2990555938788144,0.2316866250523558,-2.3072093200165225,-0.05015708316097639,-0.30027446561225196,-0.07722993273187626,-0.5903232870622919,-0.2873565345262069,-0.13931156777778983,-0.5903232870622919,0.1708601382963707,0.3764954107243516,0.17849339552066007,-0.006995145304973469,1.5444350241664584,0.20202334487085366,-0.20112211946696296,0.21691315951018142,-0.6113805109055909,-0.19288602915558323,-0.004269922740412098,-0.6113805109055909,0.7255136093227477,-0.8018037679018089,0.5800692443293836,0.39424401689390304,-0.048457322408419774,0.4796381966218871,0.028114754850879147,0.5072450150297328,0.9145110098173289,0.07110818013596928,0.48763841720753454,0.9145110098173289,0.6816266560464963,-0.7205843937517333,0.7157283844011071,0.022954329336547254,-0.2737627368870682,0.1831346580620317,-0.1988678088684889,0.23797343376308272,-0.4813567575081487,-0.21053386944953717,0.1599101966990753,-0.4813567575081487,0.3966553144818026,-0.40458071554208624,0.2696142701183123,-0.9461416631282538,0.13077034917322047,0.5527081995403601,0.10916015809110921,0.6676503636806742,-0.7077337759364373,0.4668644372082245,0.4840562555756308,-0.7077337759364373,0.8844798340901114,0.7404081164474291,0.5893018915515983,-0.6805243792978699,0.17182747822426597,0.16681195286982312,0.00022237340579222016,-0.28254975795160847,0.16681195286982312,-0.3304186103696028,-0.26486282282525697,-0.09256008745749719,-0.3304186103696028,-0.03392904523904656,-0.6812298214684314,0.028394099547050147,-0.0919032056587546,0.403391466328607,walking,1761432103.2615466
1.6218276795174342,0.9958851018446911,0.542169210389832,1.0770689649810234,0.4310427180238675,0.5424945239609684,0.9985199684176227,0.4310427180238675,0.8691353632395018,-0.9249348341493749,0.9689609121567669,-0.13260052125637972,-0.9459810191270619,-0.04844319684658691,-0.299819237311143,-0.06761210802200475,-0.5903232870622919,-0.281871172368299,-0.15913120552232454,-0.5903232870622919,0.13677453021648747,0.3764954107243516,0.3249636070290108,-0.7065096758023204,-0.3336510851879339,0.11785202752344162,-0.23573320661625627,0.12620462504617136,-0.6113805109055909,-0.189729347900651,-0.021764166151498093,-0.6113805109055909,0.2927062991924113,-0.563526273725937,0.2805274995304583,-0.7497676392714406,0.31722470004713327,0.5361823640114451,0.0743380451507994,0.5897061316750487,0.9145110098173289,0.0606314849663366,0.5803175420784833,0.9145110098173289,0.8255857618030044,-0.6127124785194379,0.24551295376250423,-0.2065889640289253,0.2253820475637023,0.17672435580295745,-0.20297408017534574,0.1993597757330429,0.043487059089521225,0.02563273491937406,-0.028628884912095823,0.043487059089521225,0.15317575454757654,1.6796229705838126,0.24191266910414302,-0.523001384448355,-0.21513142773116287,0.3808538778336184,-0.05296749889346075,0.4568468092433631,1.854198444647951,0.3711400616537971,0.12012453138160632,1.854198444647951,0.4408303203165325,-0.5642757891868072,0.4796160262454559,0.7790453350139154,0.13774090217081333,0.1330462536515738,-0.03256715270032913,-0.2929470869130773,0.1330462536515738,-0.3304186103696028,-0.24487529403031172,-0.1934661777854115,-0.3304186103696028,-0.1071063905175777,-0.009766735791662097,-0.05217221103228736,-0.16259797924241196,0.35534897808456245,walking,1761432104.5378332
-0.7824606850012812,1.1034262228426168,0.6734348329711621,1.1619064548627838,0.4310427180238675,0.9394272155253838,0.9663393161989575,0.4310427180238675,0.7603750336166772,-0.8273678685218037,1.0262405625061586,-0.13260052125637972,0.1491984479418786,-0.07661239933415469,-0.3070879821531937,-0.07602117996678576,-0.5154091643386508,-0.29426385011596273,-0.2006049830494405,-0.5154091643386508,0.0874430639305664,-0.6371460796873643,0.21192641043335342,0.4302014362558684,0.021911008854154663,0.054265057814352355,-0.25927200068492257,0.06319202777730888,-0.5323907808144293,-0.25329111372115076,-0.13319903931989974,-0.5323907808144293,0.2538355240074747,-0.027401911830225265,0.2772870263518774,-0.837768535899544,-0.025290229604557544,0.5852183634425453,0.1159225246086174,0.5960734237267257,0.9145110098173289,0.02035273038895536,0.39271116051041144,0.9145110098173289,0.81177402640668,-0.18122481759025627,0.6554956474500603,-0.6656755507598704,-0.21331748869562223,0.24281359290775043,-0.15943109203802655,0.2321015217282587,0.043487059089521225,-0.27643007645462303,0.05632963235905445,0.043487059089521225,0.10329837703970667,-0.40458071554208624,0.23320795979217845,-0.26911721724041565,-0.4860405308984767,0.4596740638991165,0.01889417635576422,0.565568466276421,1.854198444647951,0.05485471891543722,0.10074924670940312,1.854198444647951,0.8173201245726776,-0.5642757891868072,0.5200710026613786,-0.6805243792978699,0.11075898682521092,0.10015676162905048,-0.045783645845468644,-0.2969660991010356,0.10015676162905048,0.11609302526499558,-0.28479156917989495,-0.2814078642735747,0.11609302526499558,-0.149751628075853,0.5396121524893309,-0.10249038762975106,0.402960209426847,0.4138501054983277,walking,1761432105.8141181
-1.5083535557040044,0.9307626928583261,0.4662878995902783,0.8767560678531182,0.4310427180238675,0.4890367761268786,0.7092350266467455,0.4310427180238675,1.1127094304315026,-0.9249348341493749,1.1853785794909608,0.37740148357584996,0.24913701692886503,-0.07777974569242405,-0.30737939958927885,-0.07634673546466215,-0.5903232870622919,-0.2891156496986288,-0.1798955353644826,-0.5903232870622919,0.062248667913378485,-0.5647431160865274,0.1305942490040987,0.4302014362558684,0.8280886506397007,0.136452230865876,-0.22842339041995818,0.13609704213008963,-0.6113805109055909,-0.21940202323717772,-0.053283797074998925,-0.6113805109055909,0.3381542057124885,0.09173683525771067,0.2764717186633091,0.48224491352200644,0.18261233760514148,0.7147503717479895,0.23246748747605603,0.712423236118769,1.1478046347707291,0.19017291999009647,0.2837632066878822,1.1478046347707291,0.7529563232263429,-0.7205843937517333,0.8526608241406227,0.48204091606749233,-0.5614781279807677,0.24077867978310954,-0.1608117178111718,0.20533662725376914,-0.18144600516662304,-0.052506681176899994,0.11921143809809587,-0.18144600516662304,0.3315880715596309,-0.5271809323730214,0.33967284268083286,-0.6922574959203145,-0.2832179032455034,0.7403767459742737,0.30918592331579875,0.8551707236413919,-0.7077337759364373,0.6629751648290781,0.9051264957575761,-0.7077337759364373,0.7675957732860853,0.7404081164474291,0.30971321693163123,1.052714656447375,0.11046217487791515,0.10111729647437478,0.04543376584553457,-0.2672168660981886,0.10111729647437478,-0.40483721630870256,-0.24239658819936508,-0.052383399849737555,-0.40483721630870256,0.0859659055477626,-0.31497722928110267,0.012138499189618528,0.5443497565941617,0.5219470052707259,walking,1761432107.090406
0.01022363681630024,1.0457244270841244,0.6020808302284654,1.0120666362100164,-0.8801138387027257,0.31931023869821473,1.2819963559533603,-0.8801138387027257,1.2854783439133906,0.538569650264193,0.767098781917597,0.8145460591463326,0.5131378897411052,-0.10404990909568612,-0.3137311774410462,-0.1172281284255374,-0.5903232870622919,-0.2955543252618306,-0.21284352647231675,-0.5903232870622919,0.09439667241828205,0.30409244712351474,0.08140150583704385,-0.006995145304973469,0.3883276585204268,0.3446467610399756,-0.13349681616248998,0.3370969156289717,-0.6113805109055909,-0.09762267218741379,0.11680089747692493,-0.6113805109055909,0.422959905084642,0.2704449558896146,0.5727181994244888,0.48224491352200644,-0.2508756982428889,0.8054369527231169,0.31984367083588205,0.8675216165052022,-0.7185443648564728,0.7012987398515279,0.40655304038406403,-0.7185443648564728,0.8504974292568088,0.681750504268107,0.980726778040232,0.5585553471893165,-0.34317306859389207,0.5949587051040753,0.1176869604088565,0.5849515243116629,-0.4813567575081487,0.0008652901763524069,0.28579346127812244,-0.4813567575081487,0.5717287455907941,1.6796229705838126,0.4828605496320643,0.8310475073273212,-0.4620475937851239,0.817287049651784,0.39809075524149246,0.8867686711740926,-0.7077337759364373,0.37505608265793544,0.9271016406966834,-0.7077337759364373,1.0240432772264632,0.6588653723452893,0.20190818691326917,-0.6805243792978699,0.18288494018137222,0.1885095455713379,0.2007825930003482,-0.20572660211610663,0.1885095455713379,-0.40483721630870256,-0.1745989558798233,-0.01778985512926973,-0.40483721630870256,0.07945133976851033,-0.25393513058321454,0.22757285088955648,-0.5160718471606989,0.7183004279125109,walking,1761432108.366686
0.11450462689136999,0.7490836229428707,0.2689798065496442,0.6698834816592096,-0.8801138387027257,0.31036863049328045,0.6252118877157716,-0.8801138387027257,0.7670297467445315,0.538569650264193,0.9574415405987545,0.8145460591463326,-0.8732984956794123,-0.104632656493598,-0.3138675985734252,-0.1107307059694541,-0.6652374097859329,-0.27686933142373354,-0.2490743174452087,-0.6652374097859329,0.05728286247242822,-0.5647431160865274,0.201569673138516,-1.0562669410509937,-0.01713080991349837,0.24382269757103736,-0.18247268389916024,0.18269815602510037,-0.5323907808144293,-0.14807596325243225,-0.05893644664098364,-0.5323907808144293,0.6258135857472222,-0.8613731414457768,0.5233280079551657,0.7462476034063165,0.030205144633071855,0.5289389501613476,0.06831336594446377,0.5155222009585331,0.7978641973406289,0.015726218455325697,0.22061338051679236,0.7978641973406289,0.675707644282699,-0.9363282242163241,0.5880098821099793,-0.512646688516222,0.1955718051226278,0.5278013337913666,0.05897630092420885,0.5581031442157381,-0.0314906289958602,0.2890864868813064,0.22155269827195503,-0.0314906289958602,0.44977848864065473,1.3118223200910069,0.5178146200925774,0.40790722864742246,-0.24124932471981753,0.5792471015275221,0.13599017439008143,0.6128533822250982,-0.547613012149913,0.6566101309443877,0.33487410960385555,-0.547613012149913,0.9384925993907544,-0.5642757891868072,0.9366542287473003,0.7790453350139154,0.08802077080358468,0.096332821731871,0.17682738940836773,-0.21609813585392193,0.096332821731871,-0.6280930341260017,-0.1723451176064811,0.02423893671507268,-0.6280930341260017,0.035846795254837784,-0.009766735791662097,0.11515018591521736,-0.3746822999933841,0.5174782415521154,walking,1761432109.6429696
1.5188119926183965,0.06936933063331,-0.2813520864948734,0.0542047582290921,-0.9620611234981378,-0.21719889359638478,0.0215875441694707,-0.9620611234981378,0.11038486650447364,-0.7298009028942325,0.013916070060124148,0.2316866250523558,-1.6885880786767502,-0.15156725489442519,-0.3242165736933601,-0.13696049916136746,-0.7401515325095741,-0.3133109989491964,-0.17479123938373797,-0.7401515325095741,-0.11463188272494741,-0.7095490432882011,-0.11760750048774674,-0.5316310431779836,-0.32125257707162513,-0.14716202701355519,-0.3190190617719701,-0.20842494443915144,-0.7693599710879142,-0.32669936206467554,-0.2673062911667983,-0.7693599710879142,-0.1287133580044358,-0.563526273725937,-0.06633391839994143,-0.48576494938713055,1.3294180752987905,0.0816643466470164,-0.24484774534025877,0.11453876809020296,-0.951837989809873,-0.28789785926488487,0.06531723250151798,-0.951837989809873,0.20517833948010966,-0.8284563089840288,0.1145016207750285,-0.2065889640289253,0.15016986364567794,0.05491480888725148,-0.2762186775213146,0.08069131939623427,-0.10646831708124162,-0.36335276766410063,-0.07385187744890553,-0.10646831708124162,0.028633774916366515,-0.036780065049280566,-0.10263570828759262,-1.0307697188642335,-0.1710266662019167,0.1153652428803578,-0.2638859712004444,0.14098445703370105,-0.7077337759364373,-0.3370930630496898,-0.031200081049051514,-0.7077337759364373,0.37431123975856384,-0.645818533288947,0.504462313184929,-0.4980781650088967,-0.13778985778979816,-0.1429239717959409,-0.12357364964432363,-0.3186205178443645,-0.1429239717959409,-0.6280930341260017,-0.3314063714049992,-0.16365087491997554,-0.6280930341260017,-0.1370173197830546,-0.37601932797899074,-0.13895344443119012,-0.4453770735770415,0.07713180026758405,walking,1761432110.9192507
0.29587943142979606,-0.05546151619141455,-0.35019849479175724,-0.010858453746439407,-0.9620611234981378,-0.31594450336332763,0.37069767465360903,-0.9620611234981378,-0.2578725997799969,-0.5346669716390902,-0.2653780613189224,-0.4968876675651152,-0.0612181464931203,-0.1617231153692132,-0.32628994609120293,-0.13235283512027984,-0.7401515325095741,-0.3063130406391458,-0.14917818808434008,-0.7401515325095741,0.038071692053027,-0.7095490432882011,-0.17622568348429,-0.09443446161714183,-0.5711654729606366,-0.313856421257657,-0.3514301015396621,-0.3092617769530731,-0.5323907808144293,-0.3280332966452212,-0.3163794407290263,-0.5323907808144293,-0.3093708801271072,-0.563526273725937,-0.27124318312906487,-1.0137703291557507,1.3797118260291024,0.22552202471646268,-0.1567624058360763,0.29817734952742914,-0.951837989809873,-0.12380344947038809,0.8120173698798796,-0.951837989809873,0.28098559398521555,-0.8284563089840288,0.2568903931543065,-0.8952188441253429,-0.08441980366813892,-0.2034598398424478,-0.40149586224385814,-0.15352308689067007,-0.10646831708124162,-0.34461828976391434,-0.1841252511304694,-0.10646831708124162,-0.022352280268393865,-0.8949815828658272,-0.13484245995114835,-0.09986110576845612,-0.2442915076812801,-0.0849023366441971,-0.3912219492230416,-0.050430014309320835,-0.8678545397229614,-0.2727691267515816,0.09759601835835675,-0.8678545397229614,-0.27910643241345423,-0.5642757891868072,-0.14427684568552235,0.32292979929148247,-0.19820733429533163,-0.2010994929930435,-0.3357284469145542,-0.3602930930782849,-0.2010994929930435,-0.553674428186902,-0.348445956042732,-0.30984096833003705,-0.553674428186902,-0.30249219816668654,-0.37601932797899074,-0.2715690295588914,-0.3039875264097267,0.013646552061104452,walking,1761505874.066209
0.6778604887827175,0.0056846845214995985,-0.3177246830800576,0.043168233021524026,-0.9620611234981378,-0.26425268188126,0.47945573748855647,-0.9620611234981378,-0.147641106441925,-0.7298009028942325,-0.16176987826557038,-0.4240302383033681,1.2440152967704172,-0.15556274949660395,-0.32503932079411657,-0.13362013440354698,-0.7401515325095741,-0.30563385217634376,-0.12278217250969305,-0.7401515325095741,-0.17929011029979025,-0.7095490432882011,-0.10086649279865764,-0.7939489921144888,-0.20833704251786936,-0.31351180504376375,-0.3513790095227317,-0.3087875350703099,-0.7693599710879142,-0.3147608701630321,-0.30811306087729956,-0.7693599710879142,-0.21264093372423248,-0.8018037679018089,-0.1571098438410469,-0.6617667426433372,1.237565300835175,0.2084645591765032,-0.1678330429204984,0.26714265259797937,-0.951837989809873,-0.1974959929138494,0.6713051192823992,-0.951837989809873,-0.02089300890221287,-0.3969686480548471,0.0393410261004099,-0.7421899818816946,-0.48982164338859796,-0.24155602238481297,-0.41650831763454177,-0.15349728947571015,-0.706289821764293,-0.3622876020593624,-0.1759201089080045,-0.706289821764293,-0.16220959809198301,-0.40458071554208624,-0.31414962497933874,-0.1844891615044359,-0.32475688945854686,-0.0595584564597177,-0.37661741967513723,-0.0724675141684117,-0.8678545397229614,-0.33424873620099194,-0.03777745570354219,-0.8678545397229614,0.10447526713799529,-0.5642757891868072,0.09342866122764902,-0.4980781650088967,-0.18897030417693209,-0.18728873527118145,-0.3355802551269309,-0.3602728637837074,-0.18728873527118145,0.04167441932589585,-0.3464080477323985,-0.36003991876494834,0.04167441932589585,-0.32592913532427353,-0.7422719201663194,-0.2833180961208793,-0.5160718471606989,-0.005016718020950297,walking,1761505875.3562038
0.669607570395809,0.08440458954440813,-0.27238516454372136,0.15231065620215256,-0.9620611234981378,-0.24157734575583023,0.5835002649669568,-0.9620611234981378,-0.05030485636382241,-0.8273678685218037,-0.07838860296320192,-0.5697450968268624,0.9064574459513552,-0.17774794992310447,-0.32944140397825233,-0.16625793541289052,-0.7401515325095741,-0.3088633784334803,-0.15399787484617414,-0.7401515325095741,-0.2045029087526368,-0.7095490432882011,-0.18718035625870932,-0.5316310431779836,-0.39266680524954783,-0.3915766699598641,-0.3612685610229524,-0.38135769035414274,-0.6113805109055909,-0.33285233124202074,-0.3420096875372878,-0.6113805109055909,-0.4049456675531761,-0.6826650208138729,-0.4150537166727699,-1.1017712257838541,0.6838181228511446,0.10162253940945302,-0.23334309240017645,0.09310912286550059,-0.951837989809873,-0.1320919785235967,0.3333276671386107,-0.951837989809873,0.18837411807308505,-0.8284563089840288,-0.0031277657446013795,-0.5891611196380462,0.001893223580220102,0.024609474625139013,-0.2930295460142466,0.14981377445234662,-0.706289821764293,-0.24976357161721735,0.48841010257341844,-0.706289821764293,0.02420204056640004,-0.7723813660348919,0.04084622043874018,-0.09986110576845612,-0.20972412645242838,0.11196703646235127,-0.2662744953475296,0.15192781979021838,-0.8678545397229614,-0.1933116636496494,0.2457685799018833,-0.8678545397229614,-0.028737712465988243,-0.4827330450846674,0.0880611749087757,-0.5893012721533832,-0.22065069159833567,-0.21933274435603145,-0.3290103662621759,-0.3593635503830024,-0.21933274435603145,-0.40483721630870256,-0.33804481768935024,-0.3487928536794468,-0.40483721630870256,-0.31516432781602993,-0.31497722928110267,-0.287932088073907,-0.7988509414953283,0.0834865861350716,walking,1761505876.6461997
1.5162961338472727,0.12344961654242512,-0.248421501687369,0.1726141806958919,-0.9620611234981378,-0.2867364214360647,0.6848193735029424,-0.9620611234981378,0.04793093063225151,-0.8273678685218037,-0.01932411283602668,-0.20545795051812682,0.4160149390195262,-0.2045987742943429,-0.3343923584166614,-0.1999436642583044,-0.7401515325095741,-0.3204841167242031,-0.17927030818336184,-0.7401515325095741,-0.18241999951518928,-0.4199371888848537,-0.19008789684298427,-0.09443446161714183,-0.6773834073627808,-0.4156023160050301,-0.3636313632134877,-0.409083363417366,-0.6113805109055909,-0.3324822646880801,-0.3547346485246421,-0.6113805109055909,-0.45615211857820503,-1.0400812620776807,-0.4301985512075421,-0.1337613628747171,0.2355793879077469,-0.006887719291391437,-0.2931105499973616,-0.07134571903765086,-0.951837989809873,-0.29721501762994995,0.34123854890204214,-0.951837989809873,-0.11412702932434997,-0.8284563089840288,-0.09887392368358013,-0.35961782627257366,1.0808649970082094,0.13895031912551145,-0.22665997031892207,0.2786908638810413,-0.6313121336789116,-0.2914275712238125,0.14525472610713597,-0.6313121336789116,0.2243015114650823,-0.6497811492039567,0.28003913065322295,-0.7768855516562942,1.0489979208864886,1.0359196854682804,0.6728265209387206,1.0259046708681672,-0.8678545397229614,0.31285556883655224,0.9304060409348605,-0.8678545397229614,1.59277521991105,-0.5642757891868072,1.3674031035243752,-0.4980781650088967,-0.241097105636248,-0.2370346274843679,-0.3076911123117316,-0.35624479293191536,-0.2370346274843679,-0.553674428186902,-0.34151968920854087,-0.32394387580727135,-0.553674428186902,-0.23943156891982512,-0.5591456240726551,-0.25094354269437585,-0.3746822999933841,0.3833970511330832,walking,1761505877.936194
3.6562445217863804,-0.08098011522015802,-0.36304146322929465,-0.034327080271212916,-0.7981665539073136,-0.34927965365000235,0.08536287340108376,-0.7981665539073136,0.11345568643606246,-1.022501799776946,-0.12712553519244912,-0.13260052125637972,2.6418888776479474,-0.24015653921078267,-0.34031352831596445,-0.24219765118707764,-0.8150656552332152,-0.3228333038737596,-0.2592523532489392,-0.8150656552332152,0.04773046763246541,-0.7095490432882011,-0.18693489103202582,-0.9688276247388254,-1.120565268426063,-0.3510674214079924,-0.35655900016107533,-0.3323712456331752,-0.6903702409967525,-0.3240060110160805,-0.33638461281007703,-0.6903702409967525,-0.25714865388882585,-0.8018037679018089,-0.32232333470825064,-0.837768535899544,-3.2457459569447087,0.18255106809652866,-0.18432903025512484,0.3097806194534739,-1.0684848022865732,-0.2165908410778445,0.4348718878187557,-1.0684848022865732,0.3508275251540875,-0.9363282242163241,0.49563268282364736,-0.7421899818816946,4.434567488225263,0.7750474985901241,0.28876202551289215,0.9739643474060278,-0.706289821764293,0.18598363223390493,2.4963001622839958,-0.706289821764293,0.14972987881795122,-0.1593802818802158,0.03941388859961816,-0.861513607392274,4.5255154123409795,2.4933613321485115,3.3362095214340304,2.67656061912965,-0.8678545397229614,3.1965728066054804,3.7238561926751896,-0.8678545397229614,1.0484701037270048,-0.4827330450846674,0.6078146153554845,-0.5893012721533832,-0.22486653881967114,-0.22373692051406005,-0.3052820621204052,-0.35587622162315924,-0.22373692051406005,-0.553674428186902,-0.3472100365607203,-0.28886800308072,-0.553674428186902,-0.2871401214108905,-0.7422719201663194,-0.281953039849943,-0.7281561679116709,2.076465854143385,walking,1761505879.2261918
1.118254597588682,-0.12535325865952543,-0.3843784815874575,-0.04812132703642139,-0.7981665539073136,-0.37320422969708544,0.21340774207931465,-0.7981665539073136,0.02143527916744392,-0.5346669716390902,0.03731018897236203,-0.9340322431355979,1.2169693944885875,-0.22639809262225657,-0.33810829207028914,-0.22547453056273958,-0.8150656552332152,-0.3162487819789371,-0.2341618767660661,-0.8150656552332152,0.031177705892259974,-0.781952006889038,-0.04990571973517089,-0.7065096758023204,-0.7875783276702352,-0.3413897159943057,-0.35529905932339395,-0.3308467198277384,-0.6903702409967525,-0.33244715752009507,-0.3261094995740247,-0.6903702409967525,-0.2682657850112183,-0.8613731414457768,-0.27073491286388146,-0.7497676392714406,-4.223842970603593,0.13839255468759196,-0.21154356490788814,0.24165033344408035,-0.951837989809873,-0.18542680879146997,0.2828245105972477,-0.951837989809873,0.6224325529025239,-0.8284563089840288,0.4876452877836357,-0.8952188441253429,4.613598401112816,0.6130826381775792,0.13400473373589902,0.7730458599061226,-0.706289821764293,-0.0027396395409868234,2.007499842181034,-0.706289821764293,0.18493671552418992,-0.7723813660348919,0.21301437171121826,-0.43837332871237517,4.6637273087599596,2.0949778041753464,2.4644964677243166,2.334302517175594,-0.8678545397229614,1.692483720670508,3.1829734641890326,-0.8678545397229614,1.1343076508394325,-0.5642757891868072,1.5175579954367446,-0.4980781650088967,-0.24996031079287206,-0.25061321300136197,-0.34806887393906766,-0.36193409795696896,-0.25061321300136197,-0.6280930341260017,-0.3457450631195119,-0.33039327373895594,-0.6280930341260017,-0.2515753034249692,-0.6812298214684314,-0.23792811284645835,-0.5160718471606989,2.0745508317587347,walking,1761505880.5161898
